-- phpMyAdmin SQL Dump
-- version 4.8.5
-- https://www.phpmyadmin.net/
--
-- Host: 127.0.0.1
-- Generation Time: Jan 26, 2024 at 11:18 AM
-- Server version: 10.1.38-MariaDB
-- PHP Version: 5.6.40

SET SQL_MODE = "NO_AUTO_VALUE_ON_ZERO";
SET AUTOCOMMIT = 0;
START TRANSACTION;
SET time_zone = "+00:00";


/*!40101 SET @OLD_CHARACTER_SET_CLIENT=@@CHARACTER_SET_CLIENT */;
/*!40101 SET @OLD_CHARACTER_SET_RESULTS=@@CHARACTER_SET_RESULTS */;
/*!40101 SET @OLD_COLLATION_CONNECTION=@@COLLATION_CONNECTION */;
/*!40101 SET NAMES utf8mb4 */;

--
-- Database: `rumahsakitnew`
--

-- --------------------------------------------------------

--
-- Table structure for table `dokter`
--

CREATE TABLE `dokter` (
  `kodedokter` varchar(1) NOT NULL,
  `spesialis` varchar(50) NOT NULL
) ENGINE=InnoDB DEFAULT CHARSET=utf8mb4;

--
-- Dumping data for table `dokter`
--

INSERT INTO `dokter` (`kodedokter`, `spesialis`) VALUES
('A', 'Kandungan'),
('B', 'Tulang'),
('C', 'Kulit'),
('D', 'Mata'),
('E', 'Gigi');

-- --------------------------------------------------------

--
-- Table structure for table `periksa`
--

CREATE TABLE `periksa` (
  `id` int(11) NOT NULL,
  `namapasien` varchar(50) NOT NULL,
  `kodedokter` varchar(1) NOT NULL,
  `koderuang` char(2) NOT NULL,
  `usia` int(2) NOT NULL,
  `alamat` varchar(100) NOT NULL,
  `nohp` varchar(13) NOT NULL
) ENGINE=InnoDB DEFAULT CHARSET=utf8mb4;

--
-- Dumping data for table `periksa`
--

INSERT INTO `periksa` (`id`, `namapasien`, `kodedokter`, `koderuang`, `usia`, `alamat`, `nohp`) VALUES
(1, 'Julie Stevenson', 'C', '04', 40, '451 Smith Spurs Suite 518\nJoshuaport, GA 98812', '499.589.6089x'),
(2, 'James Johnson', 'B', '03', 40, '679 Madison Village Suite 425\nBennettview, GA 22118', '645-756-3850x'),
(3, 'Francis Moreno', 'B', '03', 48, '135 Keith Summit\nBallmouth, NH 09311', '9807734379'),
(4, 'Cody Swanson', 'C', '01', 49, '95637 Ashley Cape\nSouth Paulview, AS 24006', '792.277.8012'),
(5, 'Sherry Tran', 'C', '04', 40, '696 Zoe Expressway Suite 687\nNorth David, PW 62971', '483.571.1608'),
(6, 'Mary Mcdaniel', 'A', '01', 41, '51400 Benjamin Forges\nLake Michael, IL 43780', '4889581141'),
(7, 'Jacqueline Sanders', 'B', '01', 49, '350 Jasmin Ville Suite 819\nClarkville, IL 25216', '001-783-578-7'),
(8, 'Karen Ross', 'E', '04', 41, '018 Shaw Plaza\nLake Donnashire, MN 27558', '(406)215-2735'),
(9, 'Kenneth Gonzalez', 'B', '03', 50, '9050 Paul Underpass Apt. 947\nWest Brookefurt, PW 16390', '968.607.5237'),
(10, 'Mrs. Kristen Weiss DVM', 'C', '02', 42, '49860 Melissa Port Apt. 796\nSmithburgh, NE 99933', '+1-407-547-14'),
(11, 'Melanie Lee', 'C', '01', 47, '2883 Pope Mission Suite 996\nLewischester, FM 37153', '001-668-971-2'),
(12, 'Miguel Cantrell', 'D', '03', 48, 'PSC 2251, Box 9262\nAPO AP 46345', '802-752-1754'),
(13, 'Marilyn Sanders', 'C', '02', 50, '70000 Johnson Meadow\nNew Russell, FM 31095', '+1-563-282-59'),
(14, 'Oscar Hinton', 'C', '04', 44, '398 Jordan Squares Suite 922\nCunninghamland, GA 95428', '(795)601-3353'),
(15, 'Latoya Matthews', 'C', '03', 47, '256 Bryant Walks Apt. 102\nLake Lauren, MO 16982', '390-533-9382'),
(16, 'Travis Alvarado', 'A', '04', 45, '12577 Wendy Neck Apt. 649\nSouth Jasonside, ND 52863', '001-478-320-3'),
(17, 'Christopher Bailey', 'C', '03', 46, '350 Dana Ports\nPachecoport, HI 62475', '471.430.7256x'),
(18, 'Renee Morris', 'D', '03', 43, '477 Alexandra Port\nLindsayville, MI 30816', '+1-991-371-85'),
(19, 'Penny Garcia', 'C', '04', 45, '14656 Cheryl Park\nNorth Danieltown, CT 56082', '423.783.5150x'),
(20, 'Anthony Love', 'C', '03', 48, 'PSC 9626, Box 8271\nAPO AE 30891', '+1-647-859-47'),
(21, 'Raymond Lee', 'D', '05', 42, '236 Barnett Manor\nNew Alexisburgh, NC 15456', '+1-604-292-13'),
(22, 'John Reed', 'E', '03', 43, '373 Diaz Parks\nSouth Karenview, VI 68755', '(380)528-6496'),
(23, 'Kevin Beard', 'A', '04', 50, 'USNS Alexander\nFPO AP 44788', '001-577-473-7'),
(24, 'Jared Williams', 'E', '01', 50, '4112 Denise Spring Suite 719\nJameston, WI 57752', '(948)356-5660'),
(25, 'Kent Bradley', 'C', '03', 43, '86377 Green Path\nSouth Robert, PW 89356', '+1-205-322-86'),
(26, 'Ashley Sutton', 'C', '03', 42, '447 Kevin Pine Suite 043\nChristopherborough, WA 46393', '587.839.7843'),
(27, 'Christina Montgomery', 'A', '04', 48, '08216 Powers Overpass\nSouth Danielborough, CT 24950', '001-263-944-9'),
(28, 'Caleb Tran', 'E', '02', 44, 'Unit 6735 Box 3524\nDPO AP 99397', '645.806.6419'),
(29, 'William Davies', 'A', '04', 42, 'USCGC Diaz\nFPO AE 69481', '769.818.0126'),
(30, 'Amy Ochoa', 'E', '01', 41, 'Unit 8878 Box 2554\nDPO AE 50860', '+1-371-706-73'),
(31, 'Kimberly Wong', 'E', '04', 41, '2250 Sherry Crest\nWest Brianborough, FM 88586', '(380)403-4636'),
(32, 'Kevin Palmer', 'A', '02', 41, 'USS Mann\nFPO AA 20812', '429-422-0106x'),
(33, 'Jasmine Conrad', 'E', '01', 41, '77168 Wendy Viaduct Suite 906\nWest Maureen, IL 74452', '001-386-737-3'),
(34, 'Jessica Thompson', 'B', '03', 46, '0181 Hensley Villages\nWest Lisaburgh, VA 53334', '333.535.4034x'),
(35, 'Mary Boyd', 'B', '02', 49, '9684 Campbell Ports\nLake Jacquelineton, MA 73665', '314-891-2465x'),
(36, 'Tina Williams PhD', 'A', '05', 41, '3607 Johnston Unions\nLeeport, MO 01813', '316-298-0694x'),
(37, 'Maurice Carr', 'A', '04', 42, 'Unit 9479 Box 9935\nDPO AP 81757', '650-924-2699x'),
(38, 'Daniel Hayden', 'D', '05', 47, '49525 Mario Lane Apt. 549\nAnnside, NJ 63622', '+1-354-597-50'),
(39, 'Nicholas Aguilar', 'E', '02', 43, '462 Erica Divide Suite 319\nMichaeltown, CA 06883', '774.440.8991'),
(40, 'Brett Grant', 'D', '03', 43, '7364 Taylor Mill\nWest Ebony, NJ 42196', '508.567.0461x'),
(41, 'Joshua Hamilton', 'C', '04', 50, '786 Williams Rapids\nNew Tamara, DE 08417', '(288)526-0082'),
(42, 'Melinda Shelton', 'B', '01', 44, '2747 Sheila Mountain\nSouth Ericberg, CO 02797', '645-845-2998'),
(43, 'Kelsey Soto', 'B', '05', 40, 'Unit 7144 Box 6040\nDPO AE 06190', '+1-520-532-39'),
(44, 'Rhonda Richardson', 'E', '03', 41, '346 Levine Causeway\nLake Lisaville, VI 07644', '001-942-701-9'),
(45, 'Christopher Weaver', 'E', '02', 41, '4376 Ruth Plaza\nSouth Jontown, NM 39681', '001-651-211-2'),
(46, 'Erik Evans', 'C', '05', 48, '622 William Forks\nPort Patriciaville, WV 97023', '522.697.0731'),
(47, 'Richard Burton', 'A', '03', 48, '3945 Gill Vista\nGriffithbury, GA 82698', '(222)431-4059'),
(48, 'Phyllis Palmer', 'E', '04', 46, '17654 Jennings Valley Suite 192\nPort Michellehaven, AS 71518', '6585840713'),
(49, 'Brandon Cox', 'B', '02', 50, '0443 John Circles\nWest Ryan, NY 97472', '5514435355'),
(50, 'Jordan Lee', 'D', '04', 43, '7183 Craig Flats Suite 546\nStewartport, MD 04196', '+1-805-486-33'),
(51, 'Kevin Bowen', 'D', '02', 45, '539 Quinn Ridge Apt. 446\nEast Lisa, VT 29964', '(597)227-1511'),
(52, 'Kayla Brown', 'B', '05', 42, '784 Andrea Oval Suite 643\nPort Jacobmouth, IN 16943', '409.490.2880x'),
(53, 'Nicholas Jones', 'E', '04', 48, '3189 Garner Centers\nSouth Ariana, OH 48338', '001-925-342-2'),
(54, 'Corey Hall', 'A', '04', 41, '250 Sean Junctions\nNorth Donnaview, NY 77399', '+1-608-279-19'),
(55, 'Monica Livingston', 'A', '05', 47, '66204 Schmidt Hollow\nSouth Troytown, TX 10771', '001-430-669-1'),
(56, 'Tiffany Lewis', 'D', '02', 48, '15244 Aguilar Highway\nChristopherstad, WA 89369', '221-366-7587x'),
(57, 'David Cross', 'A', '02', 47, '51780 Chad Brook Apt. 258\nStevensmouth, NC 47679', '278-395-2931'),
(58, 'Justin Skinner', 'B', '03', 42, '622 Lauren Shores\nWilcoxmouth, TN 12806', '513.876.8424x'),
(59, 'Scott Phillips', 'C', '02', 44, '912 Austin Port\nNorth Michaelfort, NE 32819', '631-311-0261x'),
(60, 'Jenny Ferguson', 'E', '02', 44, '6533 Cruz Streets Apt. 892\nNorth Bethburgh, OK 22259', '348.936.1229x'),
(61, 'Sara Reed', 'B', '03', 40, '08228 May Pike Apt. 493\nMacdonaldburgh, ME 98604', '2292632737'),
(62, 'Alicia Ray', 'A', '03', 43, '8294 Michelle Manor Apt. 470\nPort Amandaland, SC 11382', '9376061686'),
(63, 'Lindsey Osborn', 'E', '05', 44, 'PSC 5152, Box 1422\nAPO AA 22414', '200.682.2755x'),
(64, 'Ernest Gonzalez', 'E', '02', 41, '63504 Patricia Stravenue\nCooleyport, GA 54199', '001-906-263-2'),
(65, 'Vanessa Morris', 'C', '04', 40, '51811 Michelle Keys\nEast Ethanfurt, PR 54405', '776.518.6240x'),
(66, 'George Parker MD', 'C', '04', 40, '10796 April Skyway\nPort Colleen, MA 23264', '(231)372-2156'),
(67, 'Jeffrey Thompson', 'B', '04', 48, '37667 Mccoy Shoals Apt. 730\nSouth Briantown, NJ 83043', '+1-903-548-49'),
(68, 'Sherri Bell', 'E', '01', 49, '478 Hansen Points\nPort Alan, CT 22159', '+1-750-819-36'),
(69, 'Brittany Vasquez', 'A', '05', 41, '31545 Omar Mill Apt. 697\nEast Christopher, GA 23976', '+1-873-663-07'),
(70, 'Mariah Jenkins', 'D', '05', 46, '420 Leah Glen\nBryceside, MN 10211', '763.663.5684x'),
(71, 'Jared Martinez', 'C', '01', 49, '60604 Jennifer Mill Suite 309\nEast Charles, MI 87364', '+1-859-254-03'),
(72, 'David Silva', 'E', '01', 43, 'USNS Lewis\nFPO AA 22919', '303-310-6538'),
(73, 'Lauren Chandler', 'D', '01', 43, '7066 Smith Motorway\nPort Shanemouth, SD 57093', '851.358.3836'),
(74, 'Edward Walker', 'B', '05', 47, '8021 Campbell Mountains Apt. 760\nMillerburgh, PW 39307', '8202411948'),
(75, 'Yolanda Lucas', 'C', '04', 42, '59482 Jonathan Springs\nPort Emilyfort, HI 62103', '(763)740-8600'),
(76, 'Carla Mclaughlin', 'E', '03', 40, '5662 Diana Path Apt. 109\nEast Garyfort, IL 14995', '001-924-755-9'),
(77, 'Brenda Olson', 'B', '01', 43, '99843 Holloway Estates Suite 600\nNew Robin, WY 90687', '626-554-2891x'),
(78, 'Kristen Mendez', 'C', '04', 48, '11666 Kelly Springs\nRodrigueztown, RI 78511', '8319018720'),
(79, 'Nathan Hardy', 'A', '05', 50, '258 Andrew Expressway\nNorth Christopher, TN 02122', '(457)691-4747'),
(80, 'Jessica Beasley', 'B', '02', 46, 'Unit 0642 Box 9917\nDPO AE 56547', '878.909.1401x'),
(81, 'Jennifer Bass', 'C', '04', 43, 'Unit 9394 Box 5471\nDPO AE 48778', '+1-272-861-26'),
(82, 'Paige Long', 'D', '01', 43, '82674 Graham Light Suite 700\nDebrabury, VT 94528', '(967)576-8307'),
(83, 'Roberta James', 'E', '04', 40, '1525 Ryan Stravenue\nNorth Christine, MH 66121', '389-221-8158x'),
(84, 'Christine Cabrera', 'A', '03', 43, '49781 Ware Green\nMichaelmouth, KY 10170', '7382971795'),
(85, 'Diana Leblanc', 'A', '03', 50, '199 Howe Ways Apt. 153\nSouth Meghanfort, OK 25948', '(299)580-1146'),
(86, 'Christopher Jackson', 'C', '03', 47, 'USS Mitchell\nFPO AE 22503', '+1-876-992-50'),
(87, 'Molly Ingram', 'C', '05', 47, '13893 Nicole Cliffs\nStevensland, WI 43547', '+1-465-488-29'),
(88, 'Christopher Moore', 'D', '04', 46, '95974 Mendez Islands\nStephaniefurt, NY 35866', '+1-702-651-81'),
(89, 'Carrie Clark', 'A', '01', 50, '47785 Brian Ramp Apt. 207\nSouth John, NM 73466', '(719)719-3787'),
(90, 'Lindsey Baker', 'C', '01', 40, 'USNS Moore\nFPO AA 15288', '8834419397'),
(91, 'Martin Young', 'C', '04', 45, '679 Katherine Manor Apt. 245\nNorth Kristastad, NH 04963', '281.771.0784x'),
(92, 'Virginia Lloyd', 'B', '05', 42, '6422 Dale Trace Apt. 584\nWest Susanfort, PR 35610', '415.529.3994x'),
(93, 'Kayla Thompson', 'C', '05', 40, '6121 Davis Course Apt. 865\nWest Antoniofurt, IL 24624', '001-978-529-4'),
(94, 'Jason Kirby', 'B', '02', 45, '850 Burns River\nSouth Roy, IA 88134', '+1-889-976-97'),
(95, 'Keith Woodward', 'E', '05', 47, '8778 Aaron View Suite 635\nLake Jameshaven, HI 32336', '+1-946-612-06'),
(96, 'Keith Cantu', 'E', '05', 42, '5724 Michael Divide\nEast Adam, FL 72407', '574-923-1539x'),
(97, 'Victoria Vasquez', 'E', '03', 42, 'Unit 7491 Box 3176\nDPO AA 84462', '+1-878-907-69'),
(98, 'Matthew Brown', 'E', '04', 45, '899 Roberts Squares Apt. 815\nWest Brittany, MO 81345', '762-299-1672x'),
(99, 'Stacey Anderson', 'D', '03', 43, '771 Adrian Dale Suite 862\nAdamchester, NV 67260', '3697569625'),
(100, 'Michelle Whitaker', 'E', '04', 41, '67304 Clark Crest\nNorth Andreafort, SD 26621', '001-471-777-1'),
(101, 'Mike Anderson', 'C', '01', 46, '884 Bryant Bridge Apt. 790\nKellyburgh, ME 60799', '+1-803-909-76'),
(102, 'Brett Spencer', 'A', '04', 48, '12138 Wilson Orchard Apt. 846\nWest Benjaminland, PW 73781', '7069046802'),
(103, 'Kristen Anthony', 'D', '04', 45, '4232 Marsh Summit\nLisaborough, FM 45745', '(373)599-7145'),
(104, 'Audrey Nguyen', 'D', '04', 40, '57193 David Views Apt. 357\nTommymouth, ID 73633', '556.988.5020x'),
(105, 'Kevin Scott', 'B', '04', 42, '36585 Nathan Locks\nMichaelmouth, IN 04003', '001-682-886-5'),
(106, 'Jose Gonzales', 'B', '05', 45, '1119 Stuart Groves Apt. 323\nPort Darrylbury, FM 98766', '001-964-589-2'),
(107, 'Thomas Simmons', 'C', '04', 43, '59065 Baxter Forges\nEast Carolton, VI 74023', '(575)232-1026'),
(108, 'Jacqueline Barry', 'D', '05', 49, '13083 Daniel Lakes Suite 956\nEast Phillipmouth, WI 20772', '225.213.4147x'),
(109, 'Andrea Reyes', 'C', '01', 45, '27066 Miranda Drive Suite 353\nAndersonborough, PW 31470', '001-874-723-2'),
(110, 'Shelia Gonzalez', 'A', '03', 40, '1706 Kenneth Club Apt. 256\nWest Waltertown, FM 08370', '(418)800-1284'),
(111, 'Dr. Lisa Gill MD', 'D', '04', 44, '798 Erin Walks\nLuceroville, CT 66032', '001-857-329-1'),
(112, 'Jerry Swanson', 'C', '04', 42, '208 Benjamin Shores Suite 453\nKendraburgh, IN 30421', '(909)823-4917'),
(113, 'Jennifer Hurley', 'C', '02', 49, '6567 Carlson Camp\nCodyfort, MS 97670', '(348)282-8970'),
(114, 'Karen Wilson', 'E', '03', 49, '67759 Melissa Locks\nKellyside, WI 60487', '2516359386'),
(115, 'Sally Shaw', 'A', '02', 46, '17987 Patricia Crossroad Apt. 932\nEast Jennifer, KY 83680', '001-558-674-4'),
(116, 'Kyle Allen', 'C', '01', 41, '9511 Samantha Park\nHansenburgh, PW 69890', '+1-546-814-02'),
(117, 'Adam Underwood', 'E', '02', 40, '4438 Peters Creek Suite 531\nMunozshire, RI 44684', '+1-238-369-58'),
(118, 'Thomas Johnston', 'C', '05', 46, '03601 Victoria Vista\nEast Kenneth, GU 93593', '+1-358-543-13'),
(119, 'Benjamin Potts', 'C', '01', 46, '75634 Nicholas Forge\nSouth Lauraburgh, HI 10035', '381.337.6631'),
(120, 'James Jacobs', 'C', '05', 42, '40180 Lewis Neck\nNorth Walter, AK 53384', '7932252236'),
(121, 'Kirk Adams', 'A', '05', 41, '7163 Lyons Views Suite 543\nPort Aaron, AS 10090', '001-935-203-3'),
(122, 'Lynn Thomas', 'A', '05', 44, '483 Taylor Locks Suite 181\nEast Raymondburgh, ND 81517', '(700)731-7106'),
(123, 'Brian Sullivan', 'A', '03', 46, '000 Troy Squares\nPort Marcus, WV 90305', '8642169860'),
(124, 'Sandra Anderson', 'E', '05', 49, '23236 Taylor Isle\nBrianafort, ID 50583', '+1-533-336-71'),
(125, 'David Mueller', 'A', '02', 46, '019 Day Rest\nJohnsonside, MD 61563', '537.356.1707x'),
(126, 'Ryan Nguyen', 'E', '04', 43, '196 Amy Mount\nSouth Anthony, VT 94765', '(409)332-8808'),
(127, 'James Green', 'C', '03', 50, '593 Kidd Terrace\nNew Andrefurt, OK 43777', '734-439-3209'),
(128, 'Sharon Zavala', 'D', '01', 45, '07475 Anthony Drive Suite 610\nSouth Tammyton, WV 48957', '(516)933-7284'),
(129, 'Brendan Lin', 'E', '04', 41, '935 Hobbs Pike\nPerrytown, NC 15677', '(530)367-4897'),
(130, 'Billy Green', 'B', '05', 50, '0651 Clarke Summit Suite 004\nGriffinmouth, MS 07197', '+1-213-604-83'),
(131, 'Lori Weber', 'A', '02', 47, 'Unit 6237 Box 4851\nDPO AP 20494', '001-667-301-6'),
(132, 'Anne Harrison', 'B', '02', 49, '252 Palmer Trail Apt. 561\nLake Jennifershire, NM 16353', '740-413-9301x'),
(133, 'Sheryl Duke', 'B', '05', 40, '480 Chapman Estate Suite 595\nSouth Sheila, VT 35395', '979-271-4500'),
(134, 'James Morris', 'D', '05', 48, '163 Thomas Wall Suite 192\nBakerborough, AZ 29674', '304.617.1488'),
(135, 'Timothy Wilson', 'D', '05', 43, '6973 David Ports\nEast Alexis, SD 60053', '(317)350-2321'),
(136, 'Scott Johnson', 'A', '01', 40, 'USNS Smith\nFPO AA 08437', '524-265-8688'),
(137, 'Brittany Schmidt', 'E', '04', 49, '6450 Nicholas Branch\nJacksonport, WV 69836', '+1-509-322-05'),
(138, 'Patricia Rodriguez', 'C', '03', 45, '7712 Kimberly Mountains Suite 975\nKochshire, AR 84039', '9552310591'),
(139, 'Shane Cox', 'C', '03', 50, '795 Castaneda Way\nTriciaborough, NE 64435', '001-256-628-5'),
(140, 'Tina Long', 'A', '02', 45, '9926 Blankenship Pike Apt. 879\nWest Madison, ID 53559', '942.478.2584x'),
(141, 'Linda Edwards', 'E', '01', 45, '6822 Phillips Views\nLisaton, OK 34162', '001-760-569-6'),
(142, 'Natasha Carr', 'C', '01', 46, '563 Irwin Rest Apt. 107\nLake Gary, ND 47116', '616-750-7572x'),
(143, 'Audrey Williams', 'B', '05', 44, '89863 Vanessa Mall Apt. 870\nNew Tonyastad, IL 05385', '(983)421-5303'),
(144, 'Louis Gonzalez', 'A', '05', 41, '15996 Stephen Mission Suite 583\nRandallhaven, GA 59213', '(675)387-7705'),
(145, 'Tracy Barron', 'B', '05', 41, '5872 Ashley Course Suite 214\nMcdonaldton, CT 42498', '001-436-674-4'),
(146, 'Alexis Campbell', 'D', '02', 49, '12669 Timothy Row Apt. 796\nCarrollfort, IN 49721', '523-997-3330'),
(147, 'Amy Scott', 'E', '02', 44, '0707 Dickson Isle\nLangport, VA 91064', '+1-328-249-41'),
(148, 'Breanna Graves', 'A', '04', 46, '5669 Nicole Street\nNew Kathleenfort, UT 06111', '(211)954-2473'),
(149, 'Sarah Nelson', 'D', '05', 45, '6719 Hanson Plains\nWandaside, OH 04391', '+1-664-848-10'),
(150, 'Katherine Estrada', 'A', '04', 46, '336 Ruth Mall Apt. 637\nPort Haley, UT 45486', '+1-452-760-36'),
(151, 'Amanda Jackson', 'B', '05', 49, '925 Beck Passage Suite 870\nSilvaburgh, PW 03963', '(820)814-3865'),
(152, 'Mary Jones MD', 'A', '01', 50, '8622 Kirk Mall Suite 085\nWest Michellebury, MS 41102', '(997)918-9297'),
(153, 'Tamara Cooper', 'E', '03', 40, '5120 William Hills Suite 757\nArnoldberg, VA 97368', '001-283-700-4'),
(154, 'Julia Delacruz', 'D', '05', 41, '36972 Robert Stravenue\nRobertfurt, TN 65353', '(310)259-8169'),
(155, 'Jessica Hensley', 'E', '02', 41, '6688 Paul Way\nMeganshire, ME 64292', '7765223709'),
(156, 'Melinda White', 'C', '03', 49, '0890 Ford Roads\nSmithstad, NJ 55952', '001-615-633-0'),
(157, 'Jennifer George', 'E', '03', 47, '326 Stacey Haven Suite 467\nAbigailmouth, SC 98399', '001-308-627-2'),
(158, 'Michael Marshall', 'E', '02', 49, '58873 Erin Street Apt. 302\nNoahborough, MI 51310', '+1-549-834-33'),
(159, 'Matthew Hayes', 'D', '02', 46, '884 Zuniga Forge\nMathewsmouth, PR 87917', '526.591.1637x'),
(160, 'Richard Sanders', 'A', '01', 50, '4188 Lewis Forge Apt. 932\nSouth Ashley, VT 28978', '+1-658-332-99'),
(161, 'Ralph Oconnor', 'D', '02', 44, '783 Rodriguez Flat Apt. 468\nSouth Barryshire, AZ 46186', '(921)650-6034'),
(162, 'Philip Jefferson Jr.', 'B', '05', 41, '284 Cheryl Prairie\nAllenville, AL 91894', '001-381-506-8'),
(163, 'Tammy Nelson', 'E', '03', 49, '26367 John Brooks\nEvanston, CO 52087', '001-558-553-2'),
(164, 'Rebecca Conner', 'A', '02', 50, '239 Holmes Hollow\nNew Carrie, TN 07280', '001-504-904-5'),
(165, 'Sherry Erickson', 'E', '01', 45, '278 Matthew Hill Apt. 105\nPort Douglasmouth, VA 61175', '267.763.4324x'),
(166, 'Peter Kim', 'B', '01', 47, '809 Rosario Corner\nTonybury, AZ 88473', '787-848-6442'),
(167, 'Hannah Norton', 'C', '04', 49, '3553 Fisher Square\nLake Mckenzie, ME 82558', '779-600-2443'),
(168, 'Austin Garcia', 'E', '03', 45, '0434 Kelley Stream Suite 607\nSouth Thomas, AZ 24138', '525.971.0802x'),
(169, 'Deborah Rivera', 'A', '04', 43, '67633 Cheryl Expressway Suite 939\nWest Kirstenburgh, RI 81020', '001-588-443-3'),
(170, 'Chad Dean', 'C', '05', 41, '65507 Whitney Viaduct Suite 643\nWarrenview, OH 14137', '959-613-9181x'),
(171, 'Molly Pruitt', 'E', '04', 49, 'PSC 2746, Box 7096\nAPO AE 93867', '785.840.5757'),
(172, 'Deborah Johnson', 'B', '03', 50, 'USNV Joyce\nFPO AE 48790', '001-969-896-9'),
(173, 'Christopher Anderson', 'D', '02', 48, '71948 Shane Rest\nWest Jeremiah, OK 77096', '+1-541-892-65'),
(174, 'Todd Harvey', 'D', '03', 45, '176 Gonzales Knolls\nNorth Melissa, MH 82617', '288.339.3215'),
(175, 'Phillip Leblanc', 'C', '05', 49, '901 Gonzalez Island\nPort Ashleychester, WY 49639', '441.957.6272'),
(176, 'Gary Phillips', 'B', '05', 47, '2611 Megan Field\nWandabury, MS 74350', '001-774-857-6'),
(177, 'Miranda Wilkins', 'A', '05', 41, '173 Sarah Stream Apt. 752\nNew April, RI 36419', '001-731-703-2'),
(178, 'Phillip Johnson', 'B', '04', 44, '92810 Castro Ferry\nNew Brittany, RI 03349', '(800)217-4345'),
(179, 'Angela Norris', 'C', '03', 43, '613 John Fords Apt. 857\nNorth Sarah, HI 15820', '001-863-736-7'),
(180, 'Scott Matthews', 'D', '04', 40, '724 Lisa Light Suite 544\nSouth Debrastad, SC 95375', '001-207-764-0'),
(181, 'Brenda Thornton', 'D', '04', 41, '16332 Woods Isle Suite 632\nLake Jimburgh, WA 56599', '539.292.3687x'),
(182, 'Courtney Peterson', 'A', '02', 44, '5219 Jason Viaduct\nScottview, FM 62980', '887.329.4730'),
(183, 'Robert Buck', 'E', '02', 47, '91825 Kimberly Club Suite 396\nNew Susan, IN 71562', '465.881.2548x'),
(184, 'Kevin Hawkins', 'D', '03', 49, '10295 Ramirez Key Apt. 614\nMichaelborough, IA 57923', '+1-352-255-31'),
(185, 'Louis Houston', 'B', '04', 43, '8145 Lewis Well Suite 093\nDonnaton, MS 70793', '408-858-3246x'),
(186, 'John Jenkins', 'B', '03', 45, '893 Jennifer Hill Suite 365\nEast Alex, DC 73081', '+1-370-287-96'),
(187, 'Jacob Mason', 'A', '02', 44, '237 Price Lodge Apt. 632\nTurnermouth, AL 30757', '776.748.0126x'),
(188, 'Andrew Bauer', 'A', '01', 41, '548 Christensen Island\nKylestad, FM 54889', '001-464-609-7'),
(189, 'Gerald Hansen', 'D', '01', 46, '60895 Ryan Mews\nGoldenton, MI 93318', '001-892-444-4'),
(190, 'Katherine Nguyen', 'D', '05', 40, '6877 Smith Hollow\nPort Davidland, LA 62828', '(457)742-1180'),
(191, 'Brian Gay', 'A', '03', 41, '3398 Hamilton Streets Suite 802\nSouth Debraview, MI 20475', '(795)959-2583'),
(192, 'Steven Robbins', 'C', '05', 46, '835 Benjamin Falls\nMichelleborough, WI 61719', '539-338-4038'),
(193, 'Jennifer Foster', 'D', '03', 46, '6725 Franklin Port Suite 013\nMarystad, UT 98904', '475-619-5255x'),
(194, 'Valerie Welch', 'A', '03', 45, '092 Patrick Mission Suite 515\nMichaelport, MA 58699', '771.986.7685'),
(195, 'Mitchell Larson', 'A', '05', 49, '7605 Richard Islands\nPort Cindytown, NE 84955', '+1-991-726-87'),
(196, 'Kelly Turner', 'B', '03', 46, '340 Gonzalez Lakes\nDavidstad, UT 80125', '+1-734-552-73'),
(197, 'Maria Villegas', 'B', '04', 44, '628 Hamilton Mission Apt. 621\nCrystalport, PW 46451', '957-825-3149x'),
(198, 'Mr. Gary Richardson', 'D', '04', 45, '86987 Bauer Keys Suite 189\nWest Amymouth, CT 40262', '+1-614-983-46'),
(199, 'Teresa Burns', 'D', '04', 43, '9419 Robin Cove\nMedinaborough, MD 12790', '910-772-6831x'),
(200, 'Sarah Nelson', 'E', '02', 40, '4000 Jonathan Dale Apt. 474\nThomashaven, AS 81783', '494.433.0052x'),
(201, 'John Hernandez', 'A', '03', 45, '24614 Goodwin Row Apt. 834\nEast Marcus, NC 99722', '524-791-2828x'),
(202, 'Christopher Guerra', 'A', '03', 42, '5974 Yang Lights Suite 686\nEmilychester, GA 89402', '772-780-7197'),
(203, 'Mrs. Deborah Ramos MD', 'A', '03', 46, '83329 Elizabeth Station\nNorth Debra, FL 38260', '+1-958-488-23'),
(204, 'Beth Mata', 'E', '02', 50, '5530 Bennett Rue Apt. 891\nDorothyside, NE 23703', '+1-598-359-48'),
(205, 'Kevin Garcia', 'E', '05', 46, 'PSC 0486, Box 1645\nAPO AE 07280', '+1-735-656-06'),
(206, 'Amy Jones', 'C', '03', 49, '1229 Timothy Plain\nKennethhaven, DE 95379', '4922224607'),
(207, 'Deborah Stokes', 'A', '04', 45, '2129 Chad Lakes Apt. 557\nRoseview, MA 54686', '(843)334-3183'),
(208, 'Matthew Walker', 'D', '03', 47, '5940 Aguirre Loaf Suite 650\nLongshire, ID 34800', '738.914.4696x'),
(209, 'Michelle Kane', 'C', '02', 44, '91932 Parsons Estates Suite 272\nStevenport, VT 34111', '(716)430-4159'),
(210, 'Kenneth Nguyen', 'B', '05', 43, '0571 Kristen Lodge\nConnerside, FL 21868', '7514181336'),
(211, 'Patricia Zamora', 'A', '02', 42, '0695 Watts Canyon\nGlennburgh, IL 16352', '(291)200-0350'),
(212, 'April White', 'E', '04', 42, '042 Richardson Branch Suite 773\nHernandezborough, MP 13840', '342.977.5770x'),
(213, 'Brian Phillips', 'E', '01', 44, '8502 John Cliff\nWest Matthew, MO 01705', '825.401.9923x'),
(214, 'Terrance Schmidt', 'D', '03', 43, 'USCGC Taylor\nFPO AA 39086', '804-521-0026x'),
(215, 'Kristen Hanson', 'D', '01', 49, '4115 Johnson Landing Apt. 329\nGonzalezborough, AR 58755', '+1-274-987-80'),
(216, 'Cynthia Rivas', 'C', '01', 49, '958 Mariah Plains Suite 146\nRebeccastad, GU 11943', '877.870.7709x'),
(217, 'William Carson', 'A', '02', 47, '296 Brittany Grove\nHoltbury, MT 25339', '(417)467-9838'),
(218, 'Kristine Torres', 'D', '02', 49, '5244 Justin Views Suite 801\nKristenfort, OK 66891', '+1-273-881-12'),
(219, 'Daniel Myers', 'D', '02', 48, '50346 Huff Turnpike Suite 033\nPort Kellyside, RI 75412', '497-806-6525'),
(220, 'Jonathan Brewer', 'C', '02', 42, '3773 Sharon Ports Suite 826\nMelissaland, MH 81125', '001-465-324-1'),
(221, 'Jacob Mcknight', 'C', '02', 44, '912 Deborah Mews Suite 023\nNew Stanleyhaven, CT 25805', '759.465.5855x'),
(222, 'Margaret Allen', 'D', '03', 42, '35238 Curtis Drive Suite 052\nWest Kelly, NH 75638', '711-295-7523x'),
(223, 'Jennifer Peterson', 'E', '03', 40, 'PSC 9642, Box 2962\nAPO AP 51522', '+1-608-496-32'),
(224, 'Jessica West', 'B', '03', 46, '90976 Brooke Square\nJeremystad, VT 40356', '4638700410'),
(225, 'Kathleen Cohen', 'B', '02', 44, 'USNV Lawson\nFPO AP 16723', '516-734-7298x'),
(226, 'Victoria Bennett', 'C', '01', 43, '940 Katherine Circle Apt. 886\nWest Christinefort, AR 19280', '5735412406'),
(227, 'Mrs. Brandi Duran', 'E', '01', 40, '86904 Davis Curve Apt. 196\nKristenville, OH 58851', '5935526365'),
(228, 'Mrs. Chelsea Lawson DDS', 'D', '04', 46, '72655 Elizabeth Vista\nPort Alexischester, AR 59067', '520.309.8341x'),
(229, 'Samantha Carroll', 'B', '05', 41, 'USNV Townsend\nFPO AA 79260', '393-235-1891x'),
(230, 'Barbara West', 'B', '01', 48, '3211 Nielsen Extension Apt. 372\nPort Rebeccabury, ID 69657', '975-306-9155x'),
(231, 'Thomas Casey', 'C', '05', 45, '562 James Pine\nNew Dana, MO 27160', '001-950-740-7'),
(232, 'Nicole Torres', 'B', '05', 47, '0445 Stephen Trace Apt. 415\nPort Gina, AL 35632', '(770)817-9485'),
(233, 'Rhonda Rivera', 'E', '04', 41, '76309 Chad Meadow Suite 591\nMichaelside, FM 18778', '640-355-4373x'),
(234, 'Mr. Kent Anderson', 'E', '03', 50, '87243 Reynolds Throughway\nNorth Donna, VA 94218', '001-436-356-1'),
(235, 'Michelle Cobb', 'E', '04', 44, '747 Robertson Row\nNew Theresa, IL 90853', '+1-701-247-31'),
(236, 'Charles Knight', 'B', '04', 44, '99316 Cheryl Centers\nSuzanneland, GA 69839', '579-533-1114x'),
(237, 'Brenda Richardson', 'B', '05', 48, '4487 Courtney Route Suite 358\nBowmanmouth, NE 06727', '001-698-834-2'),
(238, 'Heidi Tyler', 'A', '04', 47, '2103 Donna Inlet\nWest Eddiemouth, CT 05221', '(325)681-9867'),
(239, 'Kenneth Brown', 'B', '05', 41, 'PSC 0884, Box 9380\nAPO AE 36876', '965.864.3922x'),
(240, 'David Moore', 'E', '01', 45, '42790 Simpson Mall Suite 281\nPort Tammy, NM 34350', '001-456-286-9'),
(241, 'Debbie Miller', 'E', '04', 46, '92655 Arthur Rue Suite 698\nOneillfort, FL 29518', '831-973-0241x'),
(242, 'Jesse Baker', 'C', '04', 41, 'Unit 7130 Box 5153\nDPO AP 99850', '001-234-426-7'),
(243, 'William Perez', 'B', '01', 43, '762 Garcia Shoals Apt. 620\nGriffinville, PW 60111', '+1-822-442-54'),
(244, 'Christina Morales', 'A', '01', 43, '73539 Elizabeth Avenue Apt. 537\nSnowborough, IA 77155', '8829652235'),
(245, 'Nicholas Peters', 'A', '01', 45, '165 Wallace Dale Apt. 718\nLake Janiceville, NY 96274', '+1-661-274-13'),
(246, 'Elizabeth Williams', 'A', '03', 49, '687 Cruz Lake Apt. 363\nWest Chadberg, IA 51385', '+1-908-390-78'),
(247, 'Jose Hill', 'C', '03', 49, '27468 Kevin Island\nAlexandraport, WV 08908', '993.348.1599x'),
(248, 'Jessica Burns', 'D', '04', 45, '379 Snow Mountain Apt. 172\nEast Janefort, WA 76793', '543.491.6249'),
(249, 'Katie Zhang', 'D', '05', 41, '42679 Robinson Key Apt. 855\nBrandyhaven, MP 63526', '+1-566-982-59'),
(250, 'Christopher Reilly', 'C', '02', 41, 'Unit 1697 Box 5971\nDPO AE 78553', '3549501121'),
(251, 'Bailey Jordan', 'D', '01', 47, '58914 Janice Cliffs Apt. 465\nChristinechester, TX 65301', '281-602-2808'),
(252, 'Andrew Smith', 'E', '03', 46, '336 Mann Knoll Apt. 651\nLake Daniel, OK 01623', '905.760.0476x'),
(253, 'Joshua Clark PhD', 'E', '01', 41, '82860 Benjamin Lock\nAnthonyborough, FL 38040', '(815)920-2573'),
(254, 'Katherine Smith', 'A', '05', 47, 'PSC 4730, Box 5096\nAPO AA 40792', '(855)952-0186'),
(255, 'Joshua Anderson', 'C', '03', 49, '5256 Tamara Mission Suite 714\nMichaelbury, WI 73235', '+1-833-396-96'),
(256, 'Natasha Wiggins', 'B', '04', 44, '1573 Turner Dale\nGarciafort, CA 21490', '001-661-604-3'),
(257, 'Mr. James Mclaughlin DDS', 'B', '02', 43, '6255 Alison Flats\nEast Allison, WV 39977', '+1-988-530-47'),
(258, 'Rebecca Patel', 'D', '02', 41, '25050 Rose Brook Suite 819\nPort Matthewburgh, NV 50086', '545-623-7263x'),
(259, 'Rachel Smith', 'B', '01', 48, '907 Emily Viaduct\nSalasside, UT 30260', '+1-983-287-08'),
(260, 'Heather Hicks', 'A', '04', 44, '55492 Walker Keys\nPort Trevortown, AR 16849', '444.495.8160'),
(261, 'Alexander Davis', 'B', '03', 40, '875 Joshua Road\nMarymouth, FM 53895', '718-420-8675x'),
(262, 'Carolyn Anderson', 'E', '01', 48, '20607 Martin Mountain Apt. 254\nStewartton, NV 97522', '7036352590'),
(263, 'Allison Crane', 'C', '01', 46, '43167 Chambers Ridges\nEast Phillipton, NV 22355', '+1-418-585-77'),
(264, 'Tanya Mosley', 'E', '02', 44, '277 Lindsay Harbor\nMichelleside, SC 99403', '+1-879-390-08'),
(265, 'Travis Hunter', 'C', '05', 45, '568 Sherri Coves Suite 211\nLake Robertside, PW 47647', '+1-685-725-97'),
(266, 'Michelle Murillo', 'C', '03', 49, '37511 John Mill\nLake Julieville, IN 25382', '3416786948'),
(267, 'Charlotte Hernandez', 'E', '03', 44, '8658 Mary Prairie\nPerezberg, DE 17854', '(893)450-9487'),
(268, 'James Brown', 'C', '02', 48, '34717 Tanya Passage Apt. 684\nPort Vanessatown, AL 32591', '001-385-415-6'),
(269, 'Linda Kelley', 'D', '05', 49, '530 Espinoza Islands Apt. 209\nNew Kathleen, VT 28864', '950.431.2981'),
(270, 'Robin Ramirez', 'B', '01', 41, '9563 Caldwell Manor Apt. 033\nRaychester, NJ 16099', '397.984.1845'),
(271, 'Jeremiah Miller', 'D', '04', 42, '71713 Lori Crossing Suite 840\nBeckfort, NY 90372', '(464)842-6190'),
(272, 'Michael Powell', 'A', '02', 44, '2467 Robinson Meadows Suite 936\nNorth Jeff, TN 25261', '001-419-812-9'),
(273, 'Sheila Jones', 'D', '04', 44, '628 Julie Rapid Apt. 741\nRiceshire, HI 86415', '8979044484'),
(274, 'Jesse Young', 'A', '03', 48, '4425 Chad Spring\nEast Ralph, MI 10455', '845-681-4608'),
(275, 'Carol Davis', 'B', '03', 42, 'USNV Ward\nFPO AA 60747', '402-308-5036'),
(276, 'Barry Henderson', 'B', '01', 50, '82692 Christina Roads Apt. 557\nZacharyport, LA 83618', '(536)353-9573'),
(277, 'Elizabeth Robinson', 'A', '02', 44, '857 Michael Centers Suite 534\nWest Thomasport, CO 70480', '564-828-9633x'),
(278, 'Matthew Thornton', 'C', '04', 48, '92836 Morgan Plaza\nNew Eric, CT 91031', '001-652-660-8'),
(279, 'Kevin Dickson', 'A', '04', 45, '824 Stanley Plaza\nPort Aaronfurt, VA 74383', '(478)810-3853'),
(280, 'Steven Keith', 'C', '04', 46, '171 Paige Divide\nEast Nicholasburgh, NJ 71088', '(428)849-7366'),
(281, 'Andrew Anderson', 'D', '03', 50, '6505 Chapman Union Apt. 088\nWest Marissa, MD 16670', '3935923502'),
(282, 'Michelle Russell', 'B', '05', 46, '6518 James Camp Apt. 807\nKatherineburgh, OK 29574', '559.216.2141x'),
(283, 'Aaron Castillo', 'B', '05', 45, '32718 David Mission Suite 252\nAngelville, AS 89245', '811.725.4881'),
(284, 'David Day', 'C', '04', 49, '915 William Hollow\nAlanbury, TX 15324', '+1-558-298-07'),
(285, 'Tyler Perez', 'A', '01', 46, '4496 Alyssa Brook Suite 474\nLake Valerie, WY 06226', '7503633793'),
(286, 'Tristan Waller', 'E', '03', 42, '83596 James Squares Suite 255\nWest Kimberlyborough, TX 82073', '001-412-722-0'),
(287, 'Kathryn Nolan', 'E', '04', 42, '358 Larson Cove Apt. 479\nSouth Carolside, VI 58507', '317-687-5657x'),
(288, 'Angela Cochran', 'E', '05', 41, '93660 Sanchez Forge Apt. 348\nPort Monicaton, MT 16069', '339.892.9796x'),
(289, 'Kimberly Moss', 'E', '01', 40, '37832 Wood Hollow Suite 258\nSouth Elizabethhaven, NJ 40433', '588-847-4053'),
(290, 'Paula White', 'A', '04', 43, '6199 Richard Field Suite 506\nCoreymouth, AS 31590', '(531)434-4390'),
(291, 'Brenda Collins', 'B', '05', 50, '4715 Ortiz Loaf Suite 152\nLake Tracyshire, ME 96623', '+1-662-732-41'),
(292, 'Linda Walker', 'B', '02', 43, 'PSC 2531, Box 4890\nAPO AP 77603', '+1-889-767-55'),
(293, 'Brianna Aguirre', 'A', '05', 41, '89226 Castillo Corner\nReyesmouth, MH 12125', '+1-933-486-76'),
(294, 'Hannah Williams', 'D', '02', 41, '6158 Brian Haven Apt. 347\nMichelleshire, LA 08751', '(758)936-8153'),
(295, 'Sean Mullins', 'D', '03', 40, '14603 Erica Camp Apt. 364\nGoodton, KS 61637', '527-580-4498'),
(296, 'Jennifer Arnold', 'E', '05', 40, '68564 Cassandra Plain\nPughland, VA 68576', '7986593766'),
(297, 'Lisa Taylor', 'E', '01', 45, 'USCGC Gaines\nFPO AE 73683', '9796734308'),
(298, 'Ronald Johnson', 'A', '05', 44, '956 Justin Corners Apt. 781\nNorth Joshuaborough, TN 62563', '392.355.5659x'),
(299, 'Andrea Turner', 'C', '01', 41, '9668 Williams Points\nKlinebury, VI 29672', '6557976205'),
(300, 'Heather Brandt', 'D', '03', 50, '05916 Hunter Passage\nNorth Nathan, AS 90374', '(818)205-5481'),
(301, 'Robert Brown', 'E', '01', 40, '1345 Lindsay Summit Suite 205\nJosephfurt, MN 09466', '936.913.0737x'),
(302, 'Jeremy Phelps', 'C', '01', 49, '4846 Bennett Cliffs Apt. 740\nLoweton, NH 33245', '001-528-652-7'),
(303, 'Debbie Hamilton', 'B', '03', 41, '7442 Jimmy Course Apt. 001\nSouth Samantha, ME 13521', '467.537.9268x'),
(304, 'Michael Anderson', 'B', '04', 50, '3484 Renee Viaduct Apt. 418\nWilsonside, HI 89898', '(688)627-9129'),
(305, 'Danny Simpson', 'E', '02', 41, '8598 Rebecca Place Apt. 956\nHaneychester, NV 76030', '+1-666-328-17'),
(306, 'Anna Villa', 'B', '04', 43, '296 Eric Square\nSouth Maryview, VA 69464', '851-404-6803x'),
(307, 'Ryan Richardson', 'D', '05', 43, '783 Gray Brooks\nLake Anthony, VT 68370', '695-217-9768x'),
(308, 'Jared Jordan', 'B', '02', 45, 'PSC 2745, Box 7468\nAPO AA 30666', '+1-904-777-68'),
(309, 'Jessica Hernandez', 'B', '02', 41, '35516 Burton Throughway\nWest Christinabury, IN 65013', '001-775-304-1'),
(310, 'Bryan Anderson', 'A', '03', 49, '729 Price Hills Suite 084\nNew Julie, TX 78123', '+1-944-974-48'),
(311, 'Gary Gardner', 'B', '03', 41, '736 Lee Loaf Suite 190\nSouth Jamesstad, AK 83624', '+1-777-562-50'),
(312, 'George Robinson', 'A', '04', 47, 'PSC 1268, Box 4565\nAPO AA 69256', '+1-365-653-63'),
(313, 'Paul Nichols', 'B', '05', 47, '78793 Paul Tunnel\nSouth Robert, MN 47438', '584-873-9614x'),
(314, 'Sarah Smith', 'C', '04', 45, '0144 Ashley Mountain Suite 826\nPort Kathleen, SD 28819', '001-929-732-4'),
(315, 'Nancy Silva', 'D', '03', 42, '93518 Veronica Fords\nTylerhaven, CA 98879', '(250)390-0873'),
(316, 'Shannon Cooley', 'B', '05', 43, '5816 Katelyn Springs Apt. 944\nHallmouth, ND 69461', '803-294-5271'),
(317, 'Paul Gilbert', 'A', '04', 47, '4296 James Unions\nSouth Justinland, IN 55655', '921.256.3976x'),
(318, 'Sharon Collins', 'E', '05', 47, '60792 Thomas Mountain Suite 160\nWest Cathyburgh, WY 61551', '+1-272-238-48'),
(319, 'Zachary Horne', 'C', '05', 40, '2133 Boyer Village\nDanielfort, IA 62487', '458.701.0586x'),
(320, 'Stacy Flowers', 'A', '03', 47, '9797 Peterson Plains Apt. 868\nMarilynburgh, PR 89892', '805.962.1641'),
(321, 'Samantha Walker', 'B', '05', 40, '1826 Baker Hill\nWilliamside, VT 83155', '001-797-330-4'),
(322, 'Hannah Smith', 'B', '04', 41, '6914 Joshua Corners Apt. 931\nBishopton, MO 63560', '001-927-272-1'),
(323, 'Nicholas Gilbert', 'E', '02', 46, '43120 Juan Squares Suite 737\nEast Michaelton, NE 62330', '363-467-3862x'),
(324, 'Christopher Beltran', 'C', '02', 46, '0390 George Motorway\nDebrafurt, SD 78104', '491.920.0642'),
(325, 'Gregory Newman', 'D', '03', 49, '822 Murphy Path Apt. 033\nNew Emily, CA 66659', '001-604-208-5'),
(326, 'Mark Taylor', 'B', '03', 48, '175 Christina Club Apt. 948\nPort Randallfurt, UT 47127', '(862)367-9921'),
(327, 'Nancy Huff', 'B', '01', 46, '9417 Meadows Cliffs\nNew Michael, OH 34348', '+1-821-304-67'),
(328, 'Frank Elliott', 'C', '01', 47, '63847 Ford Mews\nEast Kimberlymouth, MT 54502', '356.264.1347x'),
(329, 'Eric Jimenez', 'E', '02', 41, '059 Brown Isle Suite 396\nBarretthaven, WY 78100', '833.878.5598x'),
(330, 'Renee Patel', 'C', '03', 46, '56731 Christian Freeway Suite 524\nJacksonhaven, KY 15901', '+1-957-851-65'),
(331, 'Karen Smith', 'A', '01', 49, '817 Sanchez Villages Apt. 550\nSouth Kimberlychester, VT 46050', '9484718368'),
(332, 'Clayton Wright', 'C', '03', 47, '7322 Jose Circle Apt. 923\nTroyland, IN 93348', '996-740-4821'),
(333, 'Anthony Watson', 'C', '01', 50, '273 Price Oval\nPort Janicetown, CA 72535', '001-619-701-6'),
(334, 'Hector Martin', 'A', '04', 40, '8798 Jones Stravenue\nEast Rhondahaven, CO 36251', '001-807-470-0'),
(335, 'Jonathon Wade', 'C', '02', 43, '968 Kathleen Port Suite 814\nPort Kelseymouth, KY 09656', '712-440-8410x'),
(336, 'Daniel Mcdonald', 'D', '01', 47, '139 Thompson Lodge Suite 992\nDodsonfurt, IL 11478', '001-559-882-0'),
(337, 'Kathryn Hood', 'D', '01', 40, '04400 Matthew Shoals\nSouth William, IA 43435', '(356)790-1999'),
(338, 'Andrew Williamson', 'B', '05', 46, '64573 Lucas Drives\nLake Tara, WI 44581', '+1-396-277-99'),
(339, 'Timothy Luna', 'A', '04', 42, '2746 Raymond Port\nKaylamouth, DE 74568', '(404)344-3864'),
(340, 'Megan Perez', 'A', '02', 41, '82365 John Villages\nHallmouth, VI 75944', '821-735-7516x'),
(341, 'Linda Preston', 'A', '04', 48, '4433 Roberts Burgs\nNew Brittany, VA 97038', '(891)518-6284'),
(342, 'Allison Watson', 'B', '02', 50, '554 Russell Branch\nNorth Mark, IL 45134', '513.465.5756x'),
(343, 'Brendan Bonilla', 'E', '05', 49, 'PSC 8237, Box 9993\nAPO AA 40142', '730-835-4405'),
(344, 'Katherine Reyes', 'C', '04', 47, '19137 Rivera Grove\nSteveville, AS 14488', '+1-640-547-95'),
(345, 'Angela Hernandez', 'E', '04', 45, '24296 Whitehead Ramp Suite 207\nLake Heatherfurt, PR 05895', '8767214771'),
(346, 'Leonard Robinson', 'E', '04', 42, 'Unit 8162 Box 5071\nDPO AA 82561', '854-792-9306'),
(347, 'Teresa Vazquez', 'C', '04', 50, '677 Russell Spur\nPowerston, SC 72145', '(984)580-2562'),
(348, 'Nicole Juarez', 'E', '03', 50, 'PSC 3624, Box 2766\nAPO AA 39993', '+1-701-279-31'),
(349, 'David Hood', 'E', '02', 42, '2336 Glenn Court Suite 402\nNorth Maria, NH 10307', '(332)218-1633'),
(350, 'Shannon Cooper', 'E', '04', 40, '93731 Emily Alley\nTinaport, NJ 63005', '001-730-500-8'),
(351, 'Steven Smith', 'A', '04', 45, '63683 Suzanne Via\nBrandonton, KY 90729', '8768817349'),
(352, 'Leslie Barton', 'D', '01', 49, '75885 Jonathan Common Apt. 969\nEast Jennifer, MI 59451', '806-328-2455x'),
(353, 'Cheyenne Walker', 'B', '03', 43, '02451 Allen Stravenue Suite 940\nSimsborough, AZ 07719', '771.943.2833x'),
(354, 'Debra Long', 'D', '04', 40, '211 Bennett Camp Apt. 382\nLake Aaron, UT 81062', '979-808-4718x'),
(355, 'Rachel Green', 'C', '03', 42, '023 Parks Lodge\nPort Jennifermouth, MH 55341', '001-897-624-2'),
(356, 'Bryan Farmer', 'E', '02', 50, '64684 Misty Plaza\nSouth Bethany, ID 01070', '324-813-3879x'),
(357, 'Michael Allen', 'A', '04', 41, '10098 Garza Trail Apt. 381\nBradleyton, GA 78501', '+1-231-674-07'),
(358, 'Zachary Jacobs', 'A', '03', 45, '2048 Sanchez Canyon\nAvilaside, PA 35524', '4529586667'),
(359, 'Jesse Miller', 'C', '05', 40, '5972 Watson Isle\nLake Jamesburgh, ID 19210', '001-537-805-8'),
(360, 'Crystal Williams', 'E', '04', 40, '9594 Lee Lakes\nCampbellport, CT 96142', '870.728.8201x'),
(361, 'Jennifer Williams', 'C', '04', 50, 'USNV Lopez\nFPO AE 67713', '9347083626'),
(362, 'Henry Young', 'D', '01', 40, '8556 Russell Port\nJohnmouth, ID 26117', '(476)623-8253'),
(363, 'Diana Burton PhD', 'B', '05', 42, '140 Emily Mountain Apt. 059\nNorth Sheila, MO 52781', '+1-262-324-61'),
(364, 'Wanda Diaz', 'D', '04', 45, '791 Michelle Pines Suite 809\nPort Timothy, WA 13716', '9475332983'),
(365, 'Daniel Serrano', 'E', '02', 44, '12942 Lloyd Gateway Suite 614\nCrystalborough, NH 30439', '001-363-920-3'),
(366, 'Amy Howell', 'B', '01', 42, '467 Omar Corners\nLake Michael, MA 54354', '001-827-661-4'),
(367, 'Michelle Richard', 'E', '03', 45, '443 Lori Lodge Suite 190\nTiffanyland, NY 28036', '+1-717-991-14'),
(368, 'Jon Jordan', 'C', '04', 49, '27950 Allison Square Suite 981\nOliviaview, MN 11336', '001-806-304-0'),
(369, 'Laura Lowery', 'D', '03', 45, '72404 Mills Divide\nNew Thomasland, VA 67578', '(924)266-0732'),
(370, 'Stephanie Stewart', 'A', '01', 41, '68457 Mary Forge\nSnowborough, OH 46594', '+1-901-778-60'),
(371, 'Nicholas Sanchez', 'A', '02', 44, '723 Sullivan Valleys Apt. 806\nLarrychester, TX 70601', '001-768-939-5'),
(372, 'Ellen Nicholson', 'B', '01', 49, '72572 Ward Spurs\nSouth Jillian, CT 04015', '+1-812-369-11'),
(373, 'Casey Williamson', 'B', '01', 43, '738 Nancy Forge\nWest Heathermouth, FM 34234', '551.729.7549x'),
(374, 'Tracy Lee', 'C', '03', 45, '585 Johnson Stream\nNew Harry, WI 57140', '740-884-1029'),
(375, 'Sara Gallegos', 'B', '04', 48, '97251 Leah Drive\nLake Nancy, PW 85308', '+1-771-671-15'),
(376, 'Amy Robertson', 'D', '04', 47, '482 Singh Inlet Apt. 905\nPort Jennifermouth, MA 49863', '(432)957-6824'),
(377, 'Edward Phillips', 'B', '03', 45, 'Unit 2667 Box 6081\nDPO AP 50872', '+1-390-295-54'),
(378, 'Michelle Carpenter', 'E', '05', 40, '9659 Denise Forest\nEast Gregory, SC 05544', '001-219-254-5'),
(379, 'Danielle Robinson', 'C', '02', 46, '44767 John Garden\nTiffanystad, DC 91832', '689-541-0387x'),
(380, 'Jessica Michael', 'C', '03', 50, '0842 Theresa Trail\nDavisshire, FL 43882', '(283)846-7361'),
(381, 'Sabrina Coleman', 'A', '01', 44, '99629 Madison Squares\nTravisfurt, RI 53924', '432.905.1191'),
(382, 'Alexander Butler', 'C', '01', 43, '681 Daniel Circle\nNew Ashleybury, MA 50932', '001-838-900-3'),
(383, 'Lori Mccarty', 'D', '01', 49, '274 Wilson Spurs\nLake Thomas, PW 05027', '001-592-289-5'),
(384, 'Jeremy Weiss', 'B', '02', 41, 'PSC 8557, Box 3485\nAPO AE 87715', '(235)978-2966'),
(385, 'Matthew Sutton', 'C', '05', 49, '136 Walker Plains Suite 898\nEast Katherine, CT 72497', '678-605-2375x'),
(386, 'Derrick Lee', 'E', '03', 45, '0714 Brown Drives Suite 912\nDouglasmouth, GA 72741', '2024199918'),
(387, 'Jenna Shannon', 'C', '01', 40, '99102 Dorsey Plaza\nEast Dwaynefurt, WA 71975', '3079215723'),
(388, 'Cheryl Hobbs', 'E', '05', 43, '2878 Tanya Shoals\nPort Paula, NE 54301', '+1-238-875-54'),
(389, 'Virginia Porter', 'C', '02', 49, '63046 Bridget Station Suite 690\nSouth Heatherchester, UT 60481', '(935)339-7164'),
(390, 'Christina Klein', 'A', '04', 49, '0750 Davis Circle Apt. 229\nBlackshire, LA 77126', '922.237.4127x'),
(391, 'John Wade', 'D', '04', 44, '5359 Barber Harbors Suite 189\nEast Allison, AR 24410', '(592)752-4383'),
(392, 'David Grant', 'D', '05', 50, 'PSC 6678, Box 6651\nAPO AA 04547', '+1-782-200-09'),
(393, 'Stephen Gardner', 'C', '05', 50, '45863 Atkins Landing Apt. 009\nWest Meganberg, WA 70028', '(425)466-2608'),
(394, 'Rodney Harris', 'A', '03', 43, '0831 Wells Forks\nLake Aprilside, CA 96144', '752-615-7564x'),
(395, 'Timothy Burke', 'A', '01', 42, 'PSC 7333, Box 9650\nAPO AE 72144', '5087837006'),
(396, 'Benjamin Freeman', 'D', '03', 47, '1554 Lambert Rest\nDavidview, AS 99329', '(603)798-2930'),
(397, 'Anthony Bennett', 'B', '01', 47, '999 Dennis Grove Apt. 279\nCarterburgh, KY 37870', '(664)256-5840'),
(398, 'Jacqueline Rice', 'B', '05', 45, '5645 Keith Squares Suite 442\nNew Richardshire, SC 24401', '001-263-314-8'),
(399, 'Katie Wilson', 'D', '02', 47, '475 Joe Plaza Apt. 231\nNorth Megan, KY 70498', '001-550-496-9'),
(400, 'Justin Lopez', 'C', '03', 46, '5982 Kimberly Flats Suite 769\nShawnmouth, TN 38254', '001-262-433-0'),
(401, 'Andres Hanna', 'B', '04', 44, '81687 Cox Locks\nWest Annatown, UT 85727', '+1-407-701-32'),
(402, 'Katie Young', 'A', '01', 49, 'USS Moore\nFPO AE 12485', '(215)718-0146'),
(403, 'Alex Bryant', 'C', '03', 49, 'PSC 1660, Box 4846\nAPO AA 05679', '(254)623-6109'),
(404, 'Cynthia Jordan', 'B', '05', 45, '375 Michael Manor\nWest Troyfort, WV 59844', '001-508-429-1'),
(405, 'Raven Frey', 'B', '05', 48, '582 Melissa Landing Apt. 617\nNorth Savannah, RI 92863', '001-633-201-9'),
(406, 'Brittany Adams', 'C', '03', 40, 'USNV Ross\nFPO AE 07610', '+1-310-830-11'),
(407, 'Mrs. Angela White', 'C', '02', 43, '6504 James Spring\nRebeccafort, PR 06004', '(937)277-1350'),
(408, 'Randy Gates', 'A', '04', 44, '02662 Michael Route\nWest Josephfurt, DC 04295', '(644)773-5890'),
(409, 'Billy Carter', 'C', '02', 44, '815 Ortiz Parkways Apt. 346\nNorth Jessicatown, OH 25722', '+1-611-530-34'),
(410, 'Sheri Levine', 'D', '04', 50, '44697 Christopher Walks\nNew Nicole, ND 21296', '001-616-906-8'),
(411, 'Danny Jones', 'D', '05', 49, '25727 Stevens Fork Apt. 239\nNorth Patrick, CA 43082', '253-724-3604x'),
(412, 'Steve Rivas', 'E', '05', 41, '796 Matthew Wells\nGallagherstad, MS 74389', '001-529-605-0'),
(413, 'Morgan Hill', 'A', '04', 42, '90432 Kurt Terrace\nChristianland, AL 60598', '(653)763-8534'),
(414, 'Garrett Espinoza', 'C', '02', 41, 'USS Rodriguez\nFPO AE 90017', '001-388-920-3'),
(415, 'Clarence Bauer DVM', 'A', '05', 40, '79499 Patty Canyon Apt. 948\nNew Nicholasfurt, LA 99613', '(656)434-5614'),
(416, 'Terri Sandoval', 'D', '01', 44, '94599 Cruz Row\nHumphreyview, DE 96328', '001-655-755-9'),
(417, 'Elizabeth Mccarty', 'C', '03', 47, '363 Contreras Locks Apt. 106\nSouth Jeffery, NY 83881', '6798557201'),
(418, 'Anthony Ali', 'A', '04', 44, '563 Paul Expressway\nJamesborough, SC 23602', '654-312-5537x'),
(419, 'Colleen Ruiz', 'C', '03', 41, '50740 Barnes Valley\nNew Dustin, DE 29587', '360-886-1786'),
(420, 'Scott Stephenson', 'B', '04', 47, '00996 Navarro Dam\nShepardburgh, VI 72189', '+1-645-480-16'),
(421, 'Nicholas Nash', 'C', '04', 50, '14960 Brent Meadow Suite 119\nPort Kimberlyfort, MT 14510', '+1-382-895-29'),
(422, 'Jennifer Valdez', 'B', '04', 44, '425 Ballard Circle Apt. 785\nNew Davidshire, CT 64475', '612-874-5438'),
(423, 'Albert Vaughn', 'D', '01', 48, '617 Chris Spur\nLatoyaside, MT 51410', '(866)480-6864'),
(424, 'Patrick Harper', 'E', '03', 48, '247 Jimmy Prairie Apt. 678\nWest Lee, NV 33588', '(559)322-9387'),
(425, 'Kelli Jones', 'A', '01', 50, '143 Jones Walk\nWest David, MS 54445', '670.904.8740x'),
(426, 'Rodney Thompson', 'C', '03', 42, '348 Kelly Forges\nColeside, WY 74297', '9976413489'),
(427, 'Victoria Farmer', 'E', '05', 43, '75850 Jason Forest\nEast Scottview, KS 44963', '477.917.6726'),
(428, 'David Brown', 'A', '01', 50, '75756 Kevin Locks\nClaudiashire, MH 26491', '(761)351-8036'),
(429, 'Brianna Cunningham', 'A', '04', 48, '39832 John Heights\nRiddleport, NH 64371', '402-725-5208'),
(430, 'Cynthia Harrison', 'A', '03', 40, '9864 Hansen Knolls Suite 479\nWilliammouth, OH 70220', '+1-847-959-85'),
(431, 'Andrew Calderon', 'A', '04', 48, '7466 Grant Crescent Apt. 223\nEast Jamesfort, AR 70787', '230.328.7668'),
(432, 'Eric Kennedy', 'A', '04', 46, '12095 Miller Plaza\nLake Kylechester, MT 67988', '9622070545'),
(433, 'Erica Watkins', 'B', '04', 48, '526 Scott Islands\nJenniferstad, NJ 75499', '+1-200-593-37'),
(434, 'Jennifer Butler', 'D', '01', 43, '5375 Brandon Branch\nLake Jennifer, OR 49980', '(377)918-1880'),
(435, 'Amber Jackson', 'A', '05', 43, '7332 Shaw Underpass\nMolinashire, WY 24906', '951-932-9007'),
(436, 'Rose Smith', 'B', '03', 43, '407 Hill Mountains\nJamiefurt, AK 29914', '917-342-9518x'),
(437, 'Bryan Gillespie', 'C', '01', 40, '3187 Leonard Road\nEast Charlesborough, WV 03065', '988-578-6204'),
(438, 'Kathleen Williams', 'A', '04', 44, '25133 Jessica Extension\nCainburgh, MO 97670', '+1-856-311-06'),
(439, 'Samuel Garcia', 'A', '05', 45, '35169 Erik Parkway Apt. 163\nMatthewsside, NV 38642', '001-439-862-5'),
(440, 'Kristen Browning', 'C', '05', 49, '80991 Kerr Summit Suite 609\nAllenview, SC 36972', '316.285.2751x'),
(441, 'Scott Lynch', 'A', '02', 50, 'Unit 7398 Box 8541\nDPO AA 91758', '387.328.4979x'),
(442, 'Amber Schultz', 'B', '05', 41, '7206 Smith Rapids\nJeffreyville, NE 89266', '(312)452-3209'),
(443, 'Monique Williams', 'E', '04', 44, '9874 Hamilton Ford Suite 769\nAdamshire, CO 41858', '001-932-384-1'),
(444, 'Timothy Moon', 'E', '03', 49, '5436 Snyder Falls Suite 804\nBoyerfort, PW 99659', '001-645-668-7'),
(445, 'Luis Blankenship', 'C', '01', 48, '62867 Christina Groves\nPort Stephanie, MP 85052', '634-843-6266x'),
(446, 'Shannon Thomas', 'B', '02', 48, 'USCGC Miller\nFPO AP 99759', '+1-723-674-82'),
(447, 'Erin Herman', 'E', '01', 46, '236 Gregory Throughway Apt. 283\nSouth Daniel, GA 08537', '545-914-1762x'),
(448, 'Charles Kennedy', 'C', '02', 45, '720 Carla Prairie Suite 252\nEast Allisontown, NJ 43982', '+1-446-567-51'),
(449, 'Alexander Chavez', 'A', '03', 41, '918 Samantha Junction Apt. 413\nLake Shelley, NM 10155', '7319755850'),
(450, 'Danielle Ingram', 'A', '05', 42, '5241 Herrera Estates\nSouth Lauren, FM 89267', '001-967-552-1'),
(451, 'Steven Quinn', 'D', '05', 42, '1274 Andrew River\nAlexborough, WI 79464', '4227057877'),
(452, 'Patricia White MD', 'D', '03', 47, '875 Walter Extensions Suite 991\nSabrinaton, TN 07521', '901-268-3378'),
(453, 'Joshua Mcconnell', 'B', '03', 46, '354 Davis Terrace Suite 299\nWest Richardville, LA 18835', '532.430.0181x'),
(454, 'Robin Webster', 'A', '04', 41, '84483 Michael Crossing\nCoreyside, FM 16990', '942-461-5898x'),
(455, 'Anthony Barron', 'B', '01', 44, '6740 Michelle Court Suite 718\nJoseburgh, NE 79620', '(542)682-4532'),
(456, 'Nathaniel Burns', 'C', '03', 47, 'USCGC Davis\nFPO AE 59023', '(938)977-5761'),
(457, 'Nicole Arnold', 'B', '04', 44, '77542 Price Ridges\nWest Claytonstad, MP 95159', '487.848.5854'),
(458, 'Mary Martin', 'A', '02', 42, '79730 Carlson Isle Suite 034\nJeanettefort, NE 48998', '667.566.8345'),
(459, 'Kyle Cortez', 'E', '01', 41, 'USCGC Fisher\nFPO AP 88916', '001-589-991-7'),
(460, 'Sharon Rivas', 'C', '03', 41, '8401 Wade Walk\nCindyland, PW 35665', '887-319-7474x'),
(461, 'Lauren Collier', 'E', '04', 43, 'PSC 6324, Box 6413\nAPO AP 76880', '(904)508-4730'),
(462, 'Shannon Walsh', 'B', '04', 43, '8001 Williams Park Suite 298\nKathyborough, CO 93266', '266-282-5856'),
(463, 'Margaret Wagner', 'A', '05', 46, '7043 Amy Greens\nMatthewstad, FM 49997', '001-534-924-9'),
(464, 'Kristi Macias', 'B', '03', 46, '92826 Aguilar Ways\nMonicaberg, OR 49005', '692.439.5027x'),
(465, 'Benjamin Contreras', 'B', '04', 46, '55363 Estrada Key Suite 729\nWest Mark, MH 19103', '3622237453'),
(466, 'Judith Oconnor', 'E', '04', 42, '4456 Arellano Stravenue\nRossmouth, MN 82447', '001-937-295-1'),
(467, 'April Gray', 'C', '02', 47, '0968 Julie Prairie\nMichaelfort, SD 24262', '552-781-6396'),
(468, 'Shelley Marshall', 'A', '03', 42, '772 Duffy Hills Apt. 284\nCopelandland, UT 13299', '(342)297-4243'),
(469, 'Kelly Johns', 'B', '02', 44, '469 Natalie Corner\nNicholasborough, PR 16858', '+1-520-317-17'),
(470, 'Jodi Schultz', 'D', '01', 41, '983 Emily Camp Suite 753\nPort James, ME 31072', '(951)407-9193'),
(471, 'Tara Floyd', 'C', '05', 50, '8626 Perry Rest Suite 770\nEast Miguel, OH 42092', '523-748-4789x'),
(472, 'Ashley Rivera', 'B', '05', 49, '0928 Ramos Way Apt. 046\nWoodardburgh, IA 47324', '660-914-1579'),
(473, 'Paul Acevedo', 'B', '01', 43, '661 Austin Station Suite 041\nEast Phillipland, NJ 96976', '(257)954-5544'),
(474, 'Tammy Taylor', 'D', '05', 50, '87324 Johnson Parkway Suite 590\nNew David, VA 02002', '429-487-3932x'),
(475, 'Cynthia Harper', 'E', '02', 43, '713 Joshua Ways\nCharleschester, VI 06414', '468.209.1660x'),
(476, 'David Powell', 'E', '05', 48, '3343 Christopher Mill\nNorth Paigefurt, NE 63532', '840-640-4390'),
(477, 'Rebecca Sanchez', 'D', '05', 45, '4628 Petersen Village Suite 615\nLake Heatherbury, AK 80834', '721.579.5638x'),
(478, 'Maria Richard', 'D', '05', 50, '925 Colleen Ville\nWest Danielborough, ND 22580', '750.826.4881x'),
(479, 'Bryan Patterson', 'A', '03', 43, '61594 Matthew Pines Apt. 945\nPort Tara, OH 42803', '2958994025'),
(480, 'Megan Smith', 'E', '01', 47, '37589 Summers Plains Suite 449\nFloydland, NJ 88902', '476-277-2135x'),
(481, 'Donna Green', 'B', '05', 48, 'PSC 1453, Box 0392\nAPO AE 99557', '2706603199'),
(482, 'Mark Manning', 'C', '05', 42, '499 Annette Mill Suite 704\nRayfurt, MH 46992', '714-952-7688x'),
(483, 'Alexander Smith', 'B', '01', 48, 'PSC 3186, Box 0725\nAPO AA 15108', '(614)357-7128'),
(484, 'Jennifer Freeman', 'A', '03', 44, 'USNS Patel\nFPO AE 57778', '437-308-2232'),
(485, 'Russell Powell', 'C', '05', 44, '864 Sandra Street\nWest Thomaston, MH 41146', '(977)625-5523'),
(486, 'Andrew Wright DVM', 'A', '01', 50, '5443 Newton Plains\nCampbellberg, NV 59511', '001-219-632-1');
INSERT INTO `periksa` (`id`, `namapasien`, `kodedokter`, `koderuang`, `usia`, `alamat`, `nohp`) VALUES
(487, 'Makayla Paul', 'E', '02', 45, '498 Holt Branch\nHeidiburgh, AL 23780', '362.763.7173x'),
(488, 'Edward Patterson', 'B', '01', 47, '31093 Matthew Trace\nWest Glennmouth, SC 13203', '2597219716'),
(489, 'James Stewart', 'D', '04', 46, '671 Gomez Keys Suite 573\nHunterburgh, NY 13326', '351-424-2438'),
(490, 'Hayley Snyder', 'D', '03', 50, '39761 Campbell Gateway Suite 044\nTurnerberg, CO 46740', '531.779.8522'),
(491, 'Vincent Lopez', 'D', '01', 42, '03543 Lisa Shores\nWest Randy, VT 79212', '+1-773-999-65'),
(492, 'Laurie Smith', 'A', '05', 43, '50015 Jackson Shore Apt. 468\nWest Derek, MN 69326', '001-412-232-3'),
(493, 'John Tran', 'C', '02', 43, '73508 Taylor Knolls Apt. 703\nJonathanmouth, AZ 80373', '001-634-592-5'),
(494, 'Samantha Carey', 'C', '03', 47, '788 Ashley Walks\nHarperview, VI 17340', '4533688774'),
(495, 'David Reyes', 'E', '02', 50, '5440 Lopez Canyon Apt. 487\nSouth Carrie, NJ 57531', '001-398-294-5'),
(496, 'Lori Thomas', 'C', '04', 48, '340 Luke Villages\nWest Madison, MH 74504', '001-644-653-8'),
(497, 'Theresa Nelson', 'C', '04', 42, '313 Harding Light\nLake Julia, IA 39465', '001-802-616-6'),
(498, 'Jeffrey Duncan', 'E', '02', 40, 'PSC 1627, Box 2017\nAPO AP 04974', '3175265254'),
(499, 'Michael Gregory', 'B', '01', 41, '23346 Nguyen Forks\nLewisview, MT 86243', '001-708-957-1'),
(500, 'Ronald Walls', 'E', '05', 42, '754 Abigail Extension Apt. 061\nNoblestad, MS 63214', '+1-704-318-58'),
(501, 'Victoria Hawkins', 'B', '03', 49, '91049 Mcclure Stream\nRandallbury, AS 87624', '001-509-693-6'),
(502, 'Bradley Miller', 'D', '03', 49, '505 Carter Mission\nNew Zachary, VT 44175', '+1-895-502-03'),
(503, 'Kim Cobb', 'B', '01', 43, '05593 Vanessa Ville Apt. 635\nLake Derrick, UT 66052', '001-239-594-5'),
(504, 'Jennifer Perry MD', 'E', '03', 46, '64727 Villegas Meadow Suite 109\nRobertberg, DC 50779', '+1-372-909-02'),
(505, 'Jeremiah Reid', 'C', '04', 45, '833 Ronald Field\nThomasport, KY 23603', '(235)691-5258'),
(506, 'Kevin Beck', 'E', '02', 42, '213 Michael Views Suite 023\nSmithmouth, MI 28571', '479.235.8196x'),
(507, 'Bryan Hayes', 'E', '02', 48, '400 Steven Corner\nLake Mariechester, UT 11374', '9875600749'),
(508, 'Misty Williamson', 'E', '03', 41, '1575 Stephanie Burg\nKennethton, DC 26606', '+1-226-650-08'),
(509, 'Wayne Fleming', 'B', '05', 46, '9843 Richardson Mission Suite 378\nHarrismouth, IL 63401', '482.208.9069'),
(510, 'Christine Combs', 'A', '02', 41, '45288 Jones Corner Apt. 256\nLake Gary, ID 57628', '+1-894-877-81'),
(511, 'Felicia Kelly', 'B', '02', 47, 'USNS Pham\nFPO AE 74013', '623-802-2985x'),
(512, 'Stephen Fisher', 'A', '01', 43, '986 Justin Drive Suite 905\nChristopherhaven, OK 03588', '5274609348'),
(513, 'Joel Ruiz', 'D', '04', 48, '2491 Smith Forges Suite 129\nCharlesport, CO 79498', '+1-568-348-07'),
(514, 'Chad Lynch', 'E', '03', 49, '2166 Bradford Mission\nAndersonfort, PA 84444', '001-462-409-2'),
(515, 'Brandon Santiago', 'B', '01', 43, '5966 Hunter Brook Suite 172\nTurnerberg, NM 32567', '660-331-5691x'),
(516, 'James Jackson', 'D', '03', 45, '25710 Peters Mission Suite 591\nKirkport, CA 30752', '561-585-1718x'),
(517, 'Anita Lane', 'A', '03', 47, '95053 Wiggins Pine Apt. 558\nWest Shannontown, MI 82196', '001-836-885-2'),
(518, 'Elizabeth Short', 'A', '04', 47, 'USS Williams\nFPO AP 16243', '+1-974-795-47'),
(519, 'Donna Moreno', 'E', '01', 47, '6048 Johnson Walk Suite 764\nSouth Connie, DE 22269', '945-275-9977x'),
(520, 'Brittany Hill', 'E', '01', 44, '573 Conrad Avenue Suite 141\nMitchellfurt, PR 28606', '001-459-763-9'),
(521, 'John Fernandez', 'B', '05', 49, '2419 Patricia Villages\nPort Matthewfurt, NE 89560', '001-857-231-4'),
(522, 'Tom Cruz', 'C', '05', 40, 'PSC 9453, Box 8280\nAPO AE 70647', '7055831877'),
(523, 'Jamie Case', 'D', '02', 45, '202 Dorsey Forges Suite 047\nNew Kristina, OH 41369', '001-364-343-0'),
(524, 'Stephanie Rodriguez', 'A', '04', 48, '08629 Devin Islands\nShieldsside, TN 70010', '+1-753-706-31'),
(525, 'Nicholas Richards', 'D', '01', 40, '4606 Danny Courts Suite 940\nWest William, AK 22786', '415-876-2486x'),
(526, 'Destiny Hall', 'B', '04', 50, 'PSC 3266, Box 5839\nAPO AA 86588', '(709)907-9149'),
(527, 'Jay Johnson', 'C', '03', 42, '6946 Estrada Stravenue\nWest Kimfort, AZ 87654', '001-969-368-2'),
(528, 'Jose Jenkins', 'A', '03', 43, '8934 Savannah Cliff Suite 245\nMelissafort, VA 37564', '8816940553'),
(529, 'Anna Golden', 'D', '03', 44, '10111 Harrington Lodge\nPerryport, AR 31829', '233-515-0119x'),
(530, 'Amanda Jackson', 'D', '01', 49, '78593 Sullivan Estate\nLake Christophermouth, CT 91565', '001-749-852-7'),
(531, 'Mr. Curtis Hill', 'D', '05', 43, 'Unit 5669 Box 7368\nDPO AA 37452', '001-798-565-9'),
(532, 'Sean Pitts', 'A', '03', 47, '153 Gonzales Meadows\nDawnhaven, PW 32986', '466.895.2651x'),
(533, 'Maria Smith', 'C', '02', 46, '941 Eric Port\nLake Valeriehaven, AZ 67018', '001-567-576-8'),
(534, 'Joanna Hernandez', 'D', '05', 48, '05525 Toni Knolls\nNorth Michaelchester, NY 06624', '+1-381-678-44'),
(535, 'Richard Stone', 'C', '01', 47, '76338 Brown Alley Apt. 355\nBurnettmouth, OR 61833', '644-710-3101x'),
(536, 'Beth Stevenson', 'A', '02', 43, '70110 Lori Turnpike\nMarkchester, MH 42628', '+1-786-538-81'),
(537, 'Joseph Pope', 'D', '01', 50, '048 Jenna Rapid Apt. 198\nWest Davidburgh, NC 47201', '822.958.0118'),
(538, 'Gerald Santos', 'B', '03', 50, '688 Eric Points Apt. 289\nLake Jacqueline, WY 85396', '001-370-848-0'),
(539, 'Joseph Smith', 'C', '02', 44, '88759 Reyes Canyon\nSouth Kristy, VT 60123', '001-357-895-5'),
(540, 'Timothy Cobb', 'B', '02', 43, '9154 Myers Course\nAndrewland, AZ 74454', '001-598-735-1'),
(541, 'Nicholas Morrison', 'C', '05', 42, '83329 Daniel Spur\nDarrenview, OH 77081', '001-647-979-5'),
(542, 'Katherine Smith', 'D', '03', 43, '7621 Cheryl Falls\nNew Carla, GU 63868', '(809)731-7870'),
(543, 'Lorraine Mullins', 'A', '03', 42, 'PSC 2716, Box 9631\nAPO AA 90854', '001-909-749-7'),
(544, 'Deborah Mason', 'D', '02', 50, '3260 Finley Trail\nJuliabury, OH 60596', '001-608-202-6'),
(545, 'Justin Griffin', 'C', '05', 48, 'Unit 4404 Box 5708\nDPO AA 74000', '245.377.4399x'),
(546, 'James Rivera', 'C', '01', 49, '3231 Lee Parkway\nSouth Toni, NM 76188', '837-881-6185'),
(547, 'Joseph Bennett', 'C', '01', 46, 'Unit 9371 Box 8979\nDPO AE 62105', '001-888-717-9'),
(548, 'Cassandra Miller', 'D', '01', 46, 'Unit 6135 Box 9148\nDPO AA 54924', '001-496-811-5'),
(549, 'Jason Jones', 'B', '03', 41, '685 Jodi Ways\nDanielstad, WA 83247', '(498)948-0539'),
(550, 'Justin Mendoza', 'A', '03', 48, '05764 Torres Points\nEast Ashley, FM 88050', '+1-429-848-81'),
(551, 'Andrea Valdez', 'C', '03', 48, '081 Robert Roads Suite 569\nNorth Richardhaven, NM 58249', '+1-597-620-68'),
(552, 'Jason Anderson', 'E', '01', 43, '89044 Veronica Extensions Apt. 509\nDavisport, NH 09698', '549.240.1218'),
(553, 'Aaron Moore', 'E', '02', 49, '160 Thompson Forge Apt. 811\nPort Jennifer, OR 58444', '(471)246-0887'),
(554, 'William Garcia', 'A', '04', 50, '1565 Higgins Key\nNorth Hollyland, PA 32369', '865-911-4127x'),
(555, 'Matthew Austin', 'C', '01', 50, '77689 Craig Shores Apt. 996\nCharlesmouth, KS 71492', '(883)647-8343'),
(556, 'Cassandra Gregory DVM', 'B', '01', 42, '841 Cristian Forges Apt. 232\nSmithland, NE 85449', '897-893-1115x'),
(557, 'Jerry Rogers', 'D', '03', 44, '2536 Michael Skyway\nEast Brian, RI 00991', '343-824-2733'),
(558, 'John Ibarra', 'C', '04', 50, '8280 Joshua Cliff\nAndreaborough, OK 48510', '+1-225-465-66'),
(559, 'Jason Drake', 'D', '02', 43, '3357 Carl Orchard Apt. 083\nAshleybury, PW 75767', '5005790778'),
(560, 'Blake Patterson', 'C', '01', 48, '76277 Norris Tunnel\nLake Thomas, PW 54621', '973.595.4859x'),
(561, 'Christopher Cole', 'C', '04', 45, 'USNV Davis\nFPO AP 76842', '795.439.7382x'),
(562, 'Randy Johnson', 'A', '01', 47, '5899 Jennifer Loaf\nMyersmouth, ME 53866', '(776)907-5457'),
(563, 'Ms. Stephanie Hanson MD', 'C', '03', 42, '0395 Sarah Pines\nAprilstad, UT 03751', '3473403622'),
(564, 'Kevin Mckinney', 'B', '01', 49, '4484 Brittany Locks Suite 738\nMarkview, NY 07399', '(858)429-0788'),
(565, 'William Thomas', 'B', '03', 49, '53241 Keller Gardens Apt. 602\nEast Danielmouth, MA 75924', '001-581-329-1'),
(566, 'Harold Robinson', 'C', '01', 46, '9563 Kathy Gateway\nNorth Kerriview, AL 28391', '837.280.8018x'),
(567, 'Chase Edwards', 'C', '05', 42, '737 Dudley Overpass Suite 360\nCodymouth, TN 03401', '001-573-962-3'),
(568, 'William Alvarez', 'B', '05', 45, '811 Fernandez Trail Suite 901\nEast Catherinebury, IN 60933', '+1-630-766-55'),
(569, 'Micheal Chan', 'B', '02', 50, '68916 Miguel Mills Apt. 181\nMcdowellland, WA 70448', '515-381-0173x'),
(570, 'Monica Moon', 'A', '01', 46, '381 Ortiz Junctions Suite 954\nHillton, CT 47606', '001-607-462-3'),
(571, 'Nancy Ford', 'D', '04', 45, '66429 Ryan Creek\nStephensview, NY 91571', '3299398379'),
(572, 'Marc Lewis', 'A', '05', 41, '800 Stephanie Stravenue Apt. 699\nEast Angela, PW 21133', '001-834-333-5'),
(573, 'Karen Smith', 'E', '04', 48, '3199 Bryan Lodge Suite 408\nSouth Corey, LA 86439', '001-457-515-0'),
(574, 'Lori Schneider', 'C', '01', 40, '268 Michael Ports Apt. 296\nNew Katherine, SC 05925', '001-921-954-3'),
(575, 'William Williams', 'E', '03', 40, '04470 Williams Greens Apt. 616\nSouth Jean, TX 11079', '897-440-6122'),
(576, 'Christopher Barrett', 'A', '05', 49, 'Unit 1445 Box 6331\nDPO AP 11946', '+1-409-238-64'),
(577, 'Chelsea Reed', 'C', '04', 49, '213 Catherine Brook\nStephenberg, AL 73055', '698.826.1247x'),
(578, 'Lisa Bryant', 'B', '02', 50, '97124 Matthew Light\nLake Jessicaberg, CT 08561', '+1-351-347-68'),
(579, 'Charles Grant', 'A', '05', 47, '5709 Leslie Canyon\nNew Ashleymouth, ME 20894', '001-923-589-4'),
(580, 'Michael Lewis', 'D', '03', 48, '1943 Wesley Roads\nWest Stephanie, IN 40683', '935.660.2036x'),
(581, 'Pamela Davis', 'B', '04', 49, '62865 Herrera Pass\nBlakefort, OK 42105', '+1-325-664-89'),
(582, 'Pamela Berg', 'E', '03', 48, 'Unit 6834 Box 1130\nDPO AA 06951', '001-953-758-3'),
(583, 'Phillip Smith', 'A', '02', 43, '06057 Jeffrey Overpass\nNorth Patriciaborough, OH 16014', '(820)268-7266'),
(584, 'Erin Jackson', 'E', '03', 45, '025 Dana Valleys Apt. 872\nJacksonberg, UT 70412', '(627)598-2629'),
(585, 'Linda Jenkins', 'E', '05', 49, '9545 Hood Glen Apt. 488\nPort Alec, MO 24131', '4046463244'),
(586, 'Kylie Schultz', 'E', '05', 46, '00978 Kelly Creek\nNew Rubenville, MA 07835', '001-878-659-2'),
(587, 'Katie Sawyer', 'A', '05', 40, '2047 Amber Gardens Apt. 598\nNorth Melodytown, MH 10092', '474.474.1177x'),
(588, 'Denise Nicholson', 'A', '03', 46, '2438 Myers Inlet Suite 756\nLake Rachelmouth, AR 54853', '555-980-4701x'),
(589, 'Alexander Rivers', 'B', '04', 42, '5826 Rowland Gardens Apt. 001\nSouth Jenniferfurt, CT 28548', '+1-408-659-83'),
(590, 'Lisa Harrington', 'A', '05', 50, '6860 Bell Spur\nPort Erin, AR 31769', '9812746685'),
(591, 'Shannon Miller', 'E', '03', 50, 'USNS Fleming\nFPO AA 84323', '(856)475-5301'),
(592, 'Lisa Thomas', 'E', '03', 41, 'USCGC Marshall\nFPO AE 76725', '+1-877-969-79'),
(593, 'Michele Russell', 'A', '03', 45, '572 Johnson Mountain Suite 068\nAlejandroland, OK 92703', '(611)656-0223'),
(594, 'Rhonda Rojas', 'E', '01', 41, '7983 Martinez Mountain Apt. 095\nWest Stacy, MN 11266', '+1-789-681-03'),
(595, 'Karen Underwood', 'B', '04', 40, '461 Garcia Burgs Suite 705\nGarretttown, CA 69846', '782.379.1582'),
(596, 'Jeff Myers', 'E', '03', 49, '163 Derek Mountain Suite 098\nPort Paigeton, DE 00644', '(918)335-3041'),
(597, 'Steven Coleman', 'C', '04', 44, '59409 Conner Route Apt. 485\nPort Lauren, CO 07150', '+1-232-294-72'),
(598, 'Rachel Thompson', 'A', '02', 45, '5154 Joshua Ferry\nPort Kimberlybury, HI 73213', '4509038983'),
(599, 'Carl Lynn', 'B', '01', 45, '59446 Nunez Fields\nEast Amanda, AR 71970', '247.739.5544x'),
(600, 'Anthony Cox', 'A', '05', 42, '56157 Wilson Spurs Suite 794\nSouth Jamesburgh, CA 45644', '(402)659-3780'),
(601, 'Ashley Mullins', 'B', '05', 46, '9057 Johnson Mountains\nNorth Brad, FL 26749', '560-428-0593x'),
(602, 'Jennifer Myers', 'B', '01', 48, '557 Kevin Hill\nEast Darrylville, PA 18419', '472-231-4538'),
(603, 'Timothy Martin', 'A', '02', 46, '1194 Zimmerman Square Suite 393\nClementsburgh, ID 26633', '3995623618'),
(604, 'Alicia Pope', 'A', '02', 43, '38559 Taylor Mountains Suite 085\nDuncanton, AR 22298', '001-444-907-5'),
(605, 'Christopher Fields', 'B', '02', 47, '9839 Veronica Springs\nDonnatown, CA 16238', '6769185695'),
(606, 'Cory Sosa', 'A', '04', 49, '0655 Miller Dam Suite 452\nPort Tracyport, VT 09424', '580.413.0906x'),
(607, 'Mary Gonzalez', 'C', '05', 40, '3002 Tina Harbor\nDebramouth, NH 02187', '847-841-8833'),
(608, 'Brittany Harrison', 'C', '05', 48, '19332 Joanna Prairie Suite 394\nChristinebury, GA 79885', '+1-771-640-49'),
(609, 'Dr. Shelley Butler', 'B', '05', 49, '2523 Timothy Brook\nSouth Karen, IA 62194', '001-587-591-9'),
(610, 'Marcus Phillips', 'A', '03', 50, '93713 Teresa Valleys\nSouth Debraberg, WI 10179', '994-859-9266x'),
(611, 'Susan Gonzalez', 'A', '04', 42, '4561 Jones Estate\nWest Ashley, SD 10110', '+1-716-877-50'),
(612, 'Sherry Schaefer', 'D', '05', 42, '3384 Reid Islands\nChristineberg, OH 70604', '+1-338-529-34'),
(613, 'Kayla Fernandez', 'E', '05', 43, '89032 Bond Circle Apt. 543\nChristopherberg, VT 62050', '2145830295'),
(614, 'Matthew Davis Jr.', 'A', '03', 46, '390 Ronald Ridge Suite 022\nJillborough, IL 38721', '442.678.7802x'),
(615, 'Daniel Jones', 'B', '01', 46, '29182 Harper Inlet Suite 021\nSamuelview, MT 76261', '001-365-494-3'),
(616, 'Scott Schmidt', 'D', '01', 47, '6393 Deborah Well Apt. 108\nStevenborough, AZ 30266', '001-408-254-2'),
(617, 'David Robertson', 'B', '03', 46, '00392 Laura Springs\nEast Jose, NM 49415', '(261)989-1297'),
(618, 'John Dunlap', 'E', '05', 40, '164 Rogers Points\nLisafort, AK 77154', '+1-701-744-57'),
(619, 'Jeffrey Smith', 'D', '03', 42, '0016 Catherine Canyon Suite 283\nNew Catherinestad, MI 57939', '001-657-210-0'),
(620, 'Thomas Duffy', 'A', '02', 41, '618 Mario Springs\nLarsonshire, WY 50732', '377.546.0562x'),
(621, 'Lori Miller', 'E', '02', 43, '8681 Rogers Villages\nPriscillamouth, NE 30953', '001-558-521-6'),
(622, 'Shaun Wilson', 'B', '01', 49, '2582 Harrell Mountains Suite 654\nKarenfurt, DC 13779', '361.389.9208x'),
(623, 'Robert Morrison', 'E', '04', 48, '88984 Nicholas Lake\nPort Patriciaton, WA 95789', '577.941.5637'),
(624, 'Kelsey Nguyen', 'D', '01', 41, '53385 Michael Estate\nJonathanchester, GU 49582', '001-896-886-1'),
(625, 'Rebekah Riley', 'C', '01', 49, '7350 Tina Mill\nMichelleview, AS 84187', '725-232-1906x'),
(626, 'Ms. Tracy Goodman', 'A', '04', 43, '1189 Green Via Suite 380\nFitzgeraldchester, ND 32938', '+1-334-684-72'),
(627, 'Michael Brown', 'C', '04', 46, '5707 Poole Square Apt. 773\nHowardland, NY 50302', '306-333-2860x'),
(628, 'Eric King', 'C', '02', 49, '868 Katherine Court Apt. 703\nSmithmouth, IA 77246', '339-320-8908'),
(629, 'John Knight', 'E', '01', 50, 'Unit 1418 Box 5991\nDPO AE 43450', '854-972-3336x'),
(630, 'Scott Chapman', 'D', '04', 43, '615 Hughes Point\nNew Connie, NH 61936', '624-367-4040x'),
(631, 'Lance Watson', 'A', '04', 45, '9787 Schwartz Knolls Suite 779\nValdezville, TN 76504', '6193572420'),
(632, 'Sean Burnett', 'B', '01', 48, 'USCGC Jackson\nFPO AP 09729', '(527)359-9817'),
(633, 'Adam Anderson', 'E', '05', 50, '735 Russell Park\nSouth Cynthia, RI 72693', '(567)936-5973'),
(634, 'Mary Melton', 'E', '04', 45, '7701 Mueller Grove Apt. 798\nBrucebury, IA 82351', '431-207-0550x'),
(635, 'Patrick Foley', 'A', '04', 49, '69864 Smith Forges Suite 049\nEast Elizabethland, GU 86888', '(681)599-5920'),
(636, 'Matthew Banks', 'C', '01', 43, '8751 Michelle Parks\nWebershire, SC 03329', '(537)818-5716'),
(637, 'Zachary Cox', 'D', '01', 42, '077 Jeffrey Islands Apt. 956\nDavidland, MA 73860', '+1-649-605-78'),
(638, 'Mr. Lucas Schneider', 'D', '02', 44, '8779 Pena Ports Apt. 247\nReyeschester, UT 84710', '001-428-211-6'),
(639, 'Emily Smith', 'E', '04', 44, '9503 Morrison Shores Apt. 681\nHerrerastad, AZ 68828', '+1-441-642-54'),
(640, 'Stephanie Willis', 'D', '05', 44, '2995 Erik Rapids\nJohnsonfurt, LA 20901', '(921)647-6613'),
(641, 'Angela Baxter', 'D', '02', 44, '4604 Debra Lodge\nNew Anthonyland, MS 30729', '+1-809-811-21'),
(642, 'Heather Castillo', 'C', '04', 44, 'PSC 4104, Box 9916\nAPO AE 85891', '001-833-969-9'),
(643, 'Karen Lee', 'B', '05', 46, '584 Robert Springs\nLake Lauraview, IA 71445', '703-288-7192x'),
(644, 'Kevin Blackburn', 'D', '01', 48, '67076 Jenkins Crossing Suite 940\nJasonchester, MI 83234', '(498)547-2978'),
(645, 'Andrew Payne', 'C', '04', 46, '406 White Knoll\nWilsonfurt, LA 52395', '2198447822'),
(646, 'Christian Barber', 'E', '04', 50, '29012 Mccann Isle\nJohnsonland, VT 18557', '+1-868-865-58'),
(647, 'Anna Kerr', 'C', '02', 46, '7267 Catherine Pines Suite 983\nBridgetfurt, NY 32364', '990.838.7789'),
(648, 'David Vasquez', 'A', '04', 50, '894 Linda Plaza Suite 110\nAnnaton, RI 62084', '3074774982'),
(649, 'Richard Fitzpatrick', 'D', '05', 40, '607 Sherry Dale Suite 165\nJacksonview, IN 58940', '+1-832-238-18'),
(650, 'Samantha Dixon DVM', 'B', '01', 50, '77035 Wendy Harbors\nLake Javier, NM 80893', '5046617733'),
(651, 'Anthony Patterson', 'A', '05', 44, '8678 Julie Ways Apt. 670\nPort Chad, DC 86951', '+1-420-457-89'),
(652, 'David Powers', 'D', '02', 49, '229 Jill Trace\nNew James, IN 91028', '490-726-0956x'),
(653, 'Michael Romero', 'D', '01', 50, '14951 Anthony Fields\nNew Shane, KS 41261', '001-544-925-3'),
(654, 'Jonathan Pham', 'E', '04', 45, '88299 Yang Lodge Apt. 270\nWest Kellyland, ME 11024', '+1-640-559-47'),
(655, 'Cory Henry', 'C', '03', 46, '3602 Phillips Village\nMichaelberg, MA 39149', '274-582-7782'),
(656, 'James Huffman', 'A', '03', 45, '7388 Bruce Burg Suite 751\nStokeschester, OR 07550', '001-991-862-7'),
(657, 'Elizabeth Mcclure', 'C', '01', 45, '962 Samantha Track\nEast Ianside, IN 21170', '001-933-200-1'),
(658, 'Mrs. Megan Smith', 'C', '05', 42, '21675 Jones Wells\nMichaelville, CO 71096', '001-391-937-6'),
(659, 'Sandra Mcintosh', 'C', '01', 48, '347 Foster Viaduct Apt. 843\nNorth Michealtown, NM 25260', '7037253968'),
(660, 'Matthew Alexander', 'B', '04', 47, '8038 Grace Junction\nSouth Albert, AZ 56278', '(632)317-2049'),
(661, 'Peter Ward', 'E', '03', 44, '85550 Mathis Union\nWest Jaclynmouth, PA 49734', '+1-980-386-78'),
(662, 'Julia Schroeder', 'E', '03', 45, 'USNV Snow\nFPO AE 98520', '812.647.8847'),
(663, 'Timothy Brown', 'D', '01', 48, '9315 Berry Motorway\nRivasmouth, MS 32635', '+1-388-411-65'),
(664, 'Gregory Brown', 'C', '03', 46, '516 Julie Inlet\nNorth Ginafort, ID 94211', '(739)969-9778'),
(665, 'Paula Kane', 'D', '01', 42, 'PSC 4369, Box 4976\nAPO AE 24903', '+1-638-971-48'),
(666, 'Pedro Phillips', 'C', '05', 48, '15107 Blankenship Dale Apt. 695\nPort Abigailhaven, PR 04279', '250-385-6126'),
(667, 'Jeremy Li', 'C', '01', 48, '65380 Sheppard Loaf Apt. 001\nNew Kristinview, PA 22524', '(684)456-6641'),
(668, 'David Black', 'D', '05', 43, 'Unit 0940 Box 3417\nDPO AA 99819', '(266)532-2397'),
(669, 'Ray Fernandez', 'D', '02', 48, '52839 Brown Forge\nBarnesbury, KY 73833', '(267)543-0957'),
(670, 'Randy Smith', 'E', '02', 50, '614 Thompson Locks Apt. 145\nShortside, KY 37568', '001-236-469-9'),
(671, 'Alexandria Gibson', 'A', '05', 42, 'USNS Casey\nFPO AA 21970', '598-897-0559x'),
(672, 'John Moore', 'E', '02', 47, '7736 Lisa Avenue Apt. 980\nHeidiville, SC 19399', '6928760830'),
(673, 'Tammy Atkinson', 'C', '02', 42, '0854 Dennis Shoals\nShawmouth, MI 11070', '(820)287-1186'),
(674, 'Sandra Golden', 'C', '01', 50, '3860 Young Shores Suite 779\nMartinfort, WY 01703', '(829)528-6844'),
(675, 'Rachel Smith', 'A', '01', 44, 'Unit 9285 Box 4403\nDPO AE 35146', '(271)618-3306'),
(676, 'Harold Barr', 'A', '02', 46, '78148 Galloway Field Apt. 916\nBrownborough, MS 60017', '(300)642-1865'),
(677, 'Richard Thompson', 'D', '02', 46, '07633 Christine Burg\nBurnsmouth, IN 35074', '298.319.4246x'),
(678, 'Kathy Weiss', 'C', '02', 45, '2180 Dickerson Springs\nSouth Kayla, OH 56692', '+1-727-694-22'),
(679, 'Christopher Mitchell', 'B', '04', 43, '3048 George Green Apt. 841\nSouth Brianmouth, MO 08715', '001-815-997-2'),
(680, 'Tanya Vazquez', 'B', '03', 43, '271 Pacheco Springs\nBryanfurt, IA 42030', '350.773.8826'),
(681, 'Stephanie Hayden', 'C', '02', 44, '5291 Love Harbor\nTracyton, OK 72703', '448-799-6338x'),
(682, 'Micheal Boone', 'D', '05', 42, '00483 Wheeler Square\nEast Davidmouth, OK 31990', '+1-788-503-96'),
(683, 'Claudia Huber', 'D', '01', 47, '74709 Church Shores\nSouth Loriborough, AZ 45023', '(697)554-4071'),
(684, 'Adam Perez', 'A', '05', 47, '108 Ibarra Village Apt. 116\nPort Tylerhaven, WV 30975', '862-427-0440'),
(685, 'Marissa Trujillo', 'D', '01', 46, '8830 Lauren Tunnel Suite 791\nPhillipsshire, OK 12864', '536-849-0547x'),
(686, 'Joseph Skinner', 'A', '04', 41, '85919 Grace Brook Suite 846\nMooreton, MP 17334', '711.728.0718'),
(687, 'Michelle Mahoney', 'C', '05', 40, '1873 White Crossing Suite 846\nCynthiaborough, NY 37625', '001-368-902-9'),
(688, 'Keith Peterson', 'C', '05', 45, '008 Erica Turnpike Suite 553\nNorth Rebeccaborough, AS 82570', '001-532-924-8'),
(689, 'Kathleen Fisher', 'D', '05', 46, '89683 Joseph Greens Apt. 071\nDylanborough, WI 31920', '+1-384-736-42'),
(690, 'Raymond Hale', 'C', '03', 41, '378 Marcus Rapids Suite 873\nPort Justinburgh, MA 01896', '330-461-7068x'),
(691, 'Meghan Williams', 'D', '05', 43, '2237 Newman Mews\nMyerschester, KY 89968', '001-300-852-7'),
(692, 'Michele Gibson', 'B', '05', 47, '72657 Robert Greens\nRogersmouth, NM 26648', '510.491.9906x'),
(693, 'Jamie Williams', 'B', '05', 46, '897 Gallegos Mountain\nPort Kennethfurt, SD 27605', '622-447-3335x'),
(694, 'Melissa Trujillo', 'C', '02', 43, '8807 Rebecca Glens\nNorth Ryan, WA 29054', '636.781.0128x'),
(695, 'Audrey Sims', 'A', '01', 48, '58979 Leah Junction\nWeavermouth, CT 49799', '341.570.2488x'),
(696, 'Whitney Jensen', 'C', '02', 47, '0256 Jeffrey Rapids Suite 351\nMichelleborough, OK 37555', '846.962.5374x'),
(697, 'Sherri Fields', 'A', '01', 40, '90135 Hughes Lakes Apt. 071\nLake Dustinmouth, FL 55694', '729-592-8877x'),
(698, 'Jamie Henderson', 'E', '03', 47, '2618 Hall Centers\nSteelebury, WA 11310', '+1-362-448-46'),
(699, 'Anthony Ramirez', 'A', '01', 41, '7949 Moore Groves Suite 273\nSouth Steven, AK 27076', '924.714.0638'),
(700, 'Erica Smith', 'C', '03', 48, '19200 Jessica Loop Suite 251\nEast Noah, MD 88399', '(694)214-2968'),
(701, 'Ashley Rasmussen', 'A', '05', 43, '11060 Shaffer Islands\nLake Charles, WA 51090', '878-274-6771x'),
(702, 'Cassandra Webb', 'A', '02', 44, '48078 Carmen Plain Suite 790\nHintonville, WV 11998', '934-691-4378'),
(703, 'Steven West', 'E', '02', 48, '297 Evans Key\nWest Alexanderfurt, SD 78607', '317-406-1961x'),
(704, 'Carolyn Martin', 'D', '02', 47, '5526 David Locks Apt. 492\nHodgeshire, NV 52019', '344.926.4340x'),
(705, 'Erin Massey', 'D', '02', 44, '30027 Paul Oval\nHollychester, PW 87935', '754.885.8979x'),
(706, 'Robert Davenport', 'B', '04', 49, '52485 Morgan Field\nChadland, CA 24557', '+1-362-575-10'),
(707, 'Daniel Lyons', 'D', '03', 50, '2894 Morgan Expressway Suite 659\nLake Williamville, WA 00624', '5644768436'),
(708, 'Joshua Key', 'A', '04', 44, '301 Jimmy Cape\nNorth Gregoryville, NC 48595', '5363541738'),
(709, 'Amanda Hull', 'E', '05', 48, 'PSC 3377, Box 1601\nAPO AP 01476', '+1-428-804-98'),
(710, 'Bryan Hogan', 'E', '05', 49, '13418 Joseph Prairie\nThompsontown, NH 77161', '(596)858-3342'),
(711, 'Kenneth Lambert', 'B', '05', 49, 'Unit 9965 Box 5923\nDPO AP 28565', '812.718.6780x'),
(712, 'Nathan Dougherty', 'D', '02', 49, '2696 Jessica Dale Suite 764\nLake Janetborough, MO 40797', '976.668.2182'),
(713, 'Donald Ellis', 'D', '02', 49, '178 Cisneros Cliffs\nRickton, NE 68606', '7824289013'),
(714, 'Joseph Phillips', 'B', '01', 48, '338 Kaufman Coves\nJoemouth, NV 24173', '(771)601-0499'),
(715, 'David Miles', 'C', '01', 49, '27073 Kelly Plaza\nAnthonyfurt, LA 65019', '001-545-978-4'),
(716, 'Dr. Marisa Klein DVM', 'B', '03', 44, '9595 Natalie Roads\nNew Suzannetown, NE 89884', '(463)521-8308'),
(717, 'Joshua Hood', 'E', '05', 43, '150 Reid Villages Apt. 243\nWest Ashley, NH 66743', '(815)235-3597'),
(718, 'Lydia Davis', 'D', '05', 46, '933 Williams Estates\nJamesville, MP 40128', '748.872.1354x'),
(719, 'Mrs. Laura Collins DVM', 'D', '03', 41, '865 Morgan Field Suite 795\nRichardsonmouth, TX 03444', '+1-289-440-34'),
(720, 'Dr. Leah Montoya', 'D', '02', 41, '901 Poole Brooks Suite 163\nCaseyton, NC 77393', '+1-347-240-32'),
(721, 'Linda Johnson', 'E', '05', 49, '183 Veronica Shores Suite 821\nLake Kathleen, DE 90511', '9378055190'),
(722, 'Megan Gonzalez', 'D', '02', 40, '84068 Reginald Stream Suite 778\nSouth Elizabethmouth, OH 07448', '+1-798-358-87'),
(723, 'Marie Robinson', 'B', '03', 44, '9844 Eileen Streets\nPenamouth, NV 02352', '408.959.0192x'),
(724, 'Michael Smith', 'A', '05', 45, '945 Henry Ville Suite 037\nJacquelinechester, WI 86859', '+1-948-644-39'),
(725, 'Wendy Anderson', 'A', '05', 44, '19979 Hess Vista Suite 206\nNorth Stephanie, GA 98921', '(673)748-4511'),
(726, 'Patricia Branch', 'E', '01', 41, '4152 English Hollow\nPerezfurt, ND 52125', '(452)658-9340'),
(727, 'Shawn Grant', 'A', '03', 43, '929 Tara Groves Apt. 421\nNew Cathy, MN 84842', '229-486-4322x'),
(728, 'Patrick Newman', 'D', '03', 49, '4135 Craig Ways Suite 559\nWest Sonyafort, AL 50958', '652-458-6897'),
(729, 'Laura Neal', 'B', '04', 40, '3471 Emily Courts\nSanderston, IA 16675', '627-509-7676'),
(730, 'Leon Houston', 'B', '03', 45, '532 John Courts\nNew Matthew, NE 23821', '001-665-952-3'),
(731, 'Monica Jackson', 'D', '03', 40, '076 Howell Bypass\nEast Williamfort, OR 10268', '(829)248-6211'),
(732, 'Cody Vega', 'D', '02', 47, '713 Tonya Ports Suite 905\nEast Andrew, AZ 68590', '+1-752-447-79'),
(733, 'Adam Brown', 'E', '05', 50, '26117 Jenkins View\nGarciastad, ME 64081', '001-344-572-9'),
(734, 'Jimmy Kirk', 'C', '05', 47, '7529 Jacqueline Wells Suite 930\nDavisfurt, NC 88383', '852-438-8652x'),
(735, 'Julia Deleon', 'E', '03', 44, '410 Stacy Isle\nEast Beverlymouth, KS 63565', '774-787-5544'),
(736, 'Tracy Ho', 'C', '03', 44, '4889 Tracy Crossing\nSouth Nicholas, VA 80656', '(472)381-5342'),
(737, 'Dylan Ramirez', 'E', '04', 46, '387 Diana Circles Suite 300\nLake Ashleymouth, OR 29323', '264.273.3674x'),
(738, 'Mary Munoz', 'E', '01', 40, '416 West Freeway\nSuzannechester, LA 93682', '850-237-8359x'),
(739, 'Kimberly Sullivan', 'C', '03', 45, '3084 Ryan Prairie Apt. 464\nWest Albert, WY 86239', '8044172240'),
(740, 'Michael Mcgee', 'D', '04', 40, '7855 Anderson Neck Apt. 502\nNorth Priscillaborough, MI 71938', '(987)971-7341'),
(741, 'Richard Hodges', 'B', '01', 40, 'Unit 0696 Box 1648\nDPO AP 09958', '790-314-3103x'),
(742, 'Michele Hall', 'B', '02', 43, '36840 Angela Views Apt. 696\nWalkerside, VT 67015', '001-669-278-7'),
(743, 'Sarah Lowe', 'C', '02', 41, '40661 Moore Manors Apt. 945\nKarenbury, GA 89266', '664.871.9873'),
(744, 'Natalie Gordon', 'A', '02', 47, '5760 Terrence Path\nNew Samantha, OH 84762', '939-843-2162'),
(745, 'Ryan Adams', 'D', '03', 42, '399 Lopez Drive\nWest Samuelton, MP 75932', '9042038947'),
(746, 'Kimberly Lloyd', 'B', '01', 45, '9380 Matthew Brook\nLake Anthony, CA 39353', '001-777-762-9'),
(747, 'Gregory Porter', 'E', '01', 46, '4052 Frederick Locks\nNew Darrell, WY 76360', '216.816.8433x'),
(748, 'Steve Garcia', 'C', '01', 41, '85793 Johnny Inlet\nRicardoberg, ME 23943', '001-219-221-6'),
(749, 'Philip Mullen', 'C', '05', 41, '34255 Moore Trace Suite 006\nKatelynhaven, MS 34388', '+1-521-678-81'),
(750, 'Angela Foster', 'C', '04', 47, '3999 Bullock Drive\nWest Reneeberg, HI 53096', '001-594-235-2'),
(751, 'Jennifer Cardenas', 'B', '05', 40, '948 Foster Underpass\nLake Michael, DE 69228', '(277)696-5426'),
(752, 'John Collins', 'E', '03', 44, '5694 Troy Shoal\nSouth Seanview, HI 41616', '(271)795-5693'),
(753, 'Kevin Travis', 'D', '02', 40, 'PSC 3276, Box 4786\nAPO AA 03725', '377.459.9988'),
(754, 'Thomas Moreno', 'A', '05', 44, '375 Nancy Crossroad\nHardyborough, LA 28454', '446-492-2773x'),
(755, 'John Martin', 'B', '01', 47, '273 Harvey Fall Suite 067\nSnowton, DC 26847', '731.448.2713x'),
(756, 'Ashley Miller', 'A', '05', 48, '7976 Williams Fall\nKellytown, NC 54950', '001-709-923-1'),
(757, 'Sheri Sloan', 'A', '02', 46, '0914 Hoover Key\nNorth Jessica, AR 78658', '622-766-9403'),
(758, 'Lori Pierce', 'C', '03', 47, 'PSC 9396, Box 5735\nAPO AP 98455', '+1-627-582-69'),
(759, 'Nancy Ramirez', 'B', '05', 49, '028 Lori Highway\nKylefort, IA 09278', '001-521-808-4'),
(760, 'Christopher Palmer', 'D', '05', 46, '68958 Jack Lights Suite 022\nCoxhaven, UT 87042', '844.343.4007'),
(761, 'Danielle Morse', 'A', '05', 42, '8344 Melissa View Apt. 260\nKellimouth, CA 23724', '+1-352-798-56'),
(762, 'Allison Browning', 'E', '04', 40, '10828 Hess Forest\nKatherinebury, NC 55135', '449-432-1839x'),
(763, 'Lisa Beltran', 'E', '02', 44, '034 Ryan Shore Apt. 590\nDavistown, CA 68788', '302.842.0487'),
(764, 'Michele Castro', 'B', '04', 46, '48338 Rhonda Light Suite 408\nNorth Krista, SC 05671', '+1-648-782-58'),
(765, 'Krista Atkinson DVM', 'D', '05', 50, '16386 Christopher Turnpike Suite 842\nMichaelburgh, VT 41288', '(585)712-6197'),
(766, 'Tracy Evans', 'C', '04', 41, '770 Gibson Brooks\nDalechester, PW 49024', '(271)937-4083'),
(767, 'Julie Gutierrez', 'A', '02', 48, '17044 Bell Crest\nSmithshire, CO 21950', '296.836.5711'),
(768, 'Jason Hale', 'A', '05', 50, '05301 Rodriguez Mount Apt. 457\nLake Royburgh, WA 25707', '+1-517-316-37'),
(769, 'Carla Jackson', 'A', '04', 43, '963 Katie Mill Suite 602\nMedinashire, WV 72958', '348-243-5452x'),
(770, 'Gregory Mitchell', 'C', '04', 46, '53013 Zachary Loop\nJoshuamouth, NC 53023', '248-696-2508x'),
(771, 'Martha Garcia', 'C', '04', 49, 'USCGC Morgan\nFPO AE 92525', '856-927-3749'),
(772, 'Kathleen Pierce', 'D', '01', 43, '607 Stewart Prairie\nCarloston, IA 58853', '870-542-9264x'),
(773, 'Lori Ross', 'A', '03', 44, 'Unit 6415 Box 5743\nDPO AE 94753', '366-973-0452'),
(774, 'Jeff Medina', 'C', '01', 42, 'PSC 0175, Box 8004\nAPO AP 58101', '001-589-247-7'),
(775, 'Andrea Serrano', 'C', '04', 47, '80027 Bass Terrace Suite 607\nJohnnyview, MI 23393', '001-572-439-3'),
(776, 'Brian Ruiz', 'D', '05', 48, '95096 Kevin Crescent\nChungburgh, WV 04072', '001-602-249-4'),
(777, 'Daniel Love', 'E', '01', 50, 'PSC 1077, Box 0034\nAPO AP 96850', '433.916.8097'),
(778, 'James Zuniga', 'B', '02', 49, '68052 Brown Tunnel Apt. 637\nPort Cynthiaside, OK 97877', '725-248-7461x'),
(779, 'Curtis Martin', 'C', '04', 47, '6124 Page Extension\nSchaeferberg, AZ 23878', '(894)609-8673'),
(780, 'Charlene Porter', 'A', '02', 47, '74930 Joshua Estates Suite 174\nPort Hannahtown, DE 49296', '2982910111'),
(781, 'Mariah Frederick', 'C', '01', 46, '4155 Tammy Island\nNorth Joseside, AR 29526', '001-930-529-1'),
(782, 'Sarah Hardy', 'B', '03', 50, '93803 Clark Square\nPort Melody, HI 27045', '+1-474-558-43'),
(783, 'Patrick Griffin', 'C', '05', 50, '66301 Hansen Ridge Suite 728\nWest Kellyburgh, MP 14415', '(867)664-6922'),
(784, 'Joseph Summers', 'D', '03', 47, '03842 Noah Union Suite 728\nWest Ronald, PA 72343', '572.391.7814x'),
(785, 'Wayne Cortez', 'C', '03', 50, '3891 Moore Estates Apt. 197\nJoneston, AK 03256', '001-787-466-4'),
(786, 'Chris Harris', 'A', '02', 41, '39043 Jason Club Suite 672\nMatthewview, NC 85464', '(830)551-0315'),
(787, 'Amy Cordova', 'B', '01', 50, '64741 Vanessa Parkways Suite 056\nJamesburgh, NH 01182', '+1-367-693-12'),
(788, 'Tara Patton', 'A', '03', 50, '801 Beth Courts Apt. 348\nAaronton, FM 67178', '427-926-5292'),
(789, 'David Bright', 'A', '02', 46, '2822 Thompson Street\nPort Tammy, LA 06620', '9396098381'),
(790, 'Paul Moss', 'E', '05', 49, '84479 Gwendolyn Way Apt. 170\nSouth Traci, FL 36434', '+1-461-813-37'),
(791, 'Olivia Walls', 'A', '04', 45, '9285 Rush Freeway Suite 735\nLake Melissaside, GA 66576', '+1-407-222-87'),
(792, 'Deborah Rodriguez', 'D', '05', 49, '59923 Cameron Inlet Suite 841\nWheelerville, NY 93487', '(787)775-1622'),
(793, 'Taylor Morrison', 'B', '01', 41, '699 Rivera Ramp\nPatelmouth, AL 38637', '465-693-6319x'),
(794, 'Jamie Davis', 'A', '05', 48, '4924 Gibson Pass\nJonathanfurt, MT 96916', '+1-541-285-99'),
(795, 'Mitchell Collins', 'C', '03', 47, '44005 Bowers Crescent Suite 502\nJorgeside, HI 97775', '001-492-444-0'),
(796, 'Melanie Jackson', 'C', '05', 47, '78039 Jimenez Alley Apt. 284\nHeatherborough, SD 86342', '261-642-1027x'),
(797, 'Cameron Johnson', 'E', '03', 49, '719 Sandra Plains\nJoyburgh, PW 00672', '+1-729-490-79'),
(798, 'Chris Davis', 'C', '02', 50, '6744 Mary Falls Suite 996\nPort Barbaraville, OR 71624', '001-442-480-7'),
(799, 'Susan Allen', 'E', '03', 41, 'PSC 9347, Box 6610\nAPO AA 42315', '924-603-5090'),
(800, 'Joel Gomez', 'B', '05', 43, '52539 Austin Expressway\nEast Julia, WY 85512', '568-561-0817x'),
(801, 'Kimberly Myers', 'E', '04', 41, '54484 Robert Curve\nWest Heather, LA 05145', '7069062842'),
(802, 'Gary Carpenter', 'B', '05', 46, '5488 Branch Center\nStephenburgh, SC 44853', '683.785.9943x'),
(803, 'Donna Thomas', 'C', '03', 42, '2344 Melissa Shoal\nLauraport, MN 18966', '+1-788-281-10'),
(804, 'Anne Haynes', 'E', '01', 45, '0592 Brittany Coves Apt. 923\nNorth Derricktown, PR 34726', '(499)626-2510'),
(805, 'Kimberly Schwartz', 'A', '01', 48, 'Unit 3830 Box 4989\nDPO AE 52181', '+1-247-980-38'),
(806, 'John Nguyen Jr.', 'B', '04', 50, '472 Erin Loop Suite 389\nLake George, OH 29868', '259.394.9697x'),
(807, 'Glenda Grimes', 'E', '02', 49, '09991 Thompson Plains Suite 958\nJacobburgh, NY 57907', '001-553-749-7'),
(808, 'Albert Chaney', 'A', '04', 41, '45420 Washington Coves\nWest Johnhaven, IA 11060', '215-499-9758x'),
(809, 'Tyler Carey', 'D', '01', 45, '17317 Cassandra Mountains\nLake Christinaburgh, CO 77412', '420.909.7782'),
(810, 'Richard Stewart', 'A', '01', 40, '5836 Bailey Junction\nJustinmouth, NE 41981', '+1-411-946-51'),
(811, 'John Brown', 'A', '01', 42, '9972 Ashley Extension Apt. 313\nKelleyside, CO 58631', '929-400-3649'),
(812, 'Ethan Cooper', 'A', '05', 47, '3446 Brian Road Apt. 915\nLake Wanda, PA 61734', '221-874-7661x'),
(813, 'Nancy Butler', 'E', '03', 43, '0459 Jesse Knolls\nNorth Sarahbury, ND 91418', '402-212-1411'),
(814, 'Dennis York', 'E', '04', 41, '14495 Taylor Islands Apt. 525\nEast Nicoleview, MH 41371', '(679)671-2985'),
(815, 'Victoria Potter', 'D', '03', 41, '350 Karen Circle\nNorth Jessicaton, NY 33825', '001-297-878-3'),
(816, 'Alison Weber', 'A', '03', 49, '7055 Stephen Lake Apt. 848\nNew Reginahaven, PA 72401', '685.400.6031'),
(817, 'Charles Parker', 'D', '04', 43, '2483 Helen Common\nNorth Garymouth, MD 72125', '001-942-493-4'),
(818, 'Theresa Tucker', 'B', '04', 46, '08173 Edwards Meadows\nSouth Benjaminmouth, IN 35217', '928-613-0489x'),
(819, 'Michael Wilson', 'E', '02', 45, '6623 David Lodge\nNorth Lisahaven, CA 56779', '(315)688-4881'),
(820, 'Mr. Matthew Cook Jr.', 'E', '01', 41, '4189 Ryan Land Suite 955\nStacyhaven, CT 94369', '2687985928'),
(821, 'Michael Nguyen', 'D', '05', 45, '19721 Taylor Mountain\nHayesburgh, OH 35489', '873-999-3003x'),
(822, 'Christine Chandler', 'D', '04', 46, '37488 Chandler Trafficway\nBrandonfurt, DC 73972', '(313)951-1658'),
(823, 'Nancy Rose', 'A', '04', 45, 'USNS Hunt\nFPO AA 85632', '7625965343'),
(824, 'Andrea Mayo', 'E', '03', 42, '3961 Wu Burg\nWest Brian, NJ 30971', '001-576-268-9'),
(825, 'Richard Mclaughlin', 'B', '01', 44, '768 Lowe Ports\nRogersberg, NM 46942', '475-870-4332x'),
(826, 'Natalie Saunders', 'C', '05', 43, '53489 Santos Locks Apt. 115\nWest Matthewtown, VA 99816', '941.899.9335'),
(827, 'Lisa Schneider', 'D', '01', 46, '9685 Rivera Points Apt. 090\nRobertberg, GA 19072', '925-702-7680x'),
(828, 'Marissa Taylor', 'E', '05', 40, '18537 Christopher Meadow Suite 019\nBennettstad, IN 09922', '570.328.9068'),
(829, 'Brady Johnson', 'D', '02', 43, 'USS Bennett\nFPO AP 62928', '412-536-0753x'),
(830, 'Tammy Randolph', 'C', '03', 43, '3930 Rogers Flats Apt. 358\nPhillipstown, FM 88683', '+1-734-953-45'),
(831, 'Jimmy Rodriguez', 'C', '04', 47, '82200 Leonard Circles\nWest Cathymouth, OR 57434', '692-493-3430'),
(832, 'Aimee Patton', 'B', '03', 41, '1396 Maynard Rapid Apt. 498\nShelbymouth, SD 69336', '383-316-1001'),
(833, 'Kenneth Sullivan', 'A', '04', 48, 'USCGC Williams\nFPO AP 53523', '764.749.5389'),
(834, 'Andrew Huffman', 'C', '05', 48, '6715 Michele Shore\nMartinport, NJ 75588', '973.912.3768x'),
(835, 'Kevin Taylor MD', 'D', '04', 49, '212 Howard Views\nHicksport, FL 97951', '(971)615-7380'),
(836, 'Joshua Brooks', 'C', '05', 43, '00885 Johnson Isle Apt. 212\nNew Jodishire, CA 70221', '(779)949-2006'),
(837, 'Frank Barrera', 'C', '04', 49, '95516 Johnathan Isle\nWest Lawrence, AZ 88007', '+1-647-273-73'),
(838, 'Emily Hill', 'D', '01', 48, 'Unit 3194 Box 9063\nDPO AA 27121', '001-224-850-9'),
(839, 'Paul Moore', 'B', '03', 47, '49382 Morris Forge\nPhillipsmouth, OH 39234', '+1-244-738-22'),
(840, 'Samantha Carrillo', 'A', '03', 50, '1286 Henderson Square\nDominguezbury, GU 39415', '706.283.3308'),
(841, 'Richard Carlson', 'B', '03', 41, '1196 Hale Forks Apt. 691\nMichaelfort, MP 48480', '388.492.4399'),
(842, 'Walter Martin', 'D', '05', 48, '599 Arias Centers Suite 791\nWest Jill, MI 26594', '2452559899'),
(843, 'Lori Walters', 'D', '04', 44, '2219 Randolph Place Suite 212\nElliottborough, TX 20974', '776-475-2481x'),
(844, 'Kendra Chase', 'E', '05', 40, '97463 Ford Branch Suite 034\nZacharymouth, PW 41141', '321.445.1102x'),
(845, 'Raymond Mcdowell', 'A', '02', 40, '162 Cox Spurs\nWest Amyside, DC 68381', '336-518-3253'),
(846, 'Sara Grant', 'C', '02', 49, '6130 Castaneda Squares Suite 012\nLake Jeffburgh, RI 27239', '+1-811-657-49'),
(847, 'Joshua Palmer', 'E', '04', 40, '11078 Linda Shoal Suite 161\nLake Richardshire, PA 75996', '(986)373-4167'),
(848, 'Ryan Hopkins', 'B', '03', 43, '19430 Tammy Gateway\nRyanshire, VA 22317', '811.577.9052x'),
(849, 'Kevin Ray', 'C', '03', 41, '1253 Kevin Way\nPort Troyview, MA 90110', '+1-246-802-89'),
(850, 'Melanie Coleman', 'E', '05', 43, '488 Diane Island\nWarrenstad, MA 96773', '001-213-977-8'),
(851, 'Daniel Byrd', 'A', '04', 43, '393 Dunn Forks Apt. 192\nEast Bonnie, OK 04507', '611-829-4287x'),
(852, 'Kathryn Pennington', 'D', '01', 46, '734 Reilly Shore\nLeeview, KS 70137', '001-432-954-8'),
(853, 'Jennifer Andrade', 'D', '01', 43, 'Unit 7288 Box 9896\nDPO AA 90699', '211.539.6138x'),
(854, 'Michael Garcia', 'C', '01', 50, '71372 Gordon Stream Apt. 695\nContrerasview, PR 87084', '717.993.2019x'),
(855, 'Nathan Silva', 'E', '05', 45, '466 Wood Squares\nWest Katherinemouth, ID 91331', '(282)701-7323'),
(856, 'Victor Larson', 'B', '05', 40, '6728 Diana Union\nNorth Beverlyfort, PR 20272', '973.751.4640x'),
(857, 'Donna Parsons DDS', 'B', '01', 45, '47904 Jose Trace Suite 690\nSonyamouth, LA 14200', '(632)264-9506'),
(858, 'Nicholas Ray', 'E', '03', 41, '83798 Jasmine Canyon Apt. 250\nWest Staceyside, MA 93744', '(327)486-7413'),
(859, 'James Perez', 'A', '01', 48, '39322 King Parkways\nEthanbury, ND 30272', '580.666.0606x'),
(860, 'Lorraine Graham', 'E', '01', 42, '28604 Haas Turnpike\nAndersonland, MN 72389', '782-797-7282x'),
(861, 'Carla Castillo', 'B', '01', 43, 'USCGC Pope\nFPO AE 87903', '683.596.7758'),
(862, 'Kurt Marquez', 'C', '05', 46, '5260 Hernandez Crossroad Suite 763\nSusanville, IA 33944', '+1-258-886-39'),
(863, 'Joy Martinez', 'C', '03', 48, 'USS Carson\nFPO AA 99486', '+1-406-662-52'),
(864, 'Abigail Smith', 'C', '04', 44, 'PSC 9175, Box 2465\nAPO AA 59031', '+1-772-489-30'),
(865, 'Taylor Oliver', 'A', '03', 41, '802 Ashley Common\nWilliamsberg, CT 70481', '(803)795-7308'),
(866, 'Richard Pearson', 'D', '02', 48, '2429 Natalie Shore\nWatkinsside, MP 18501', '346-758-4246x'),
(867, 'Holly Cain', 'A', '02', 49, '40970 Heidi Walks Apt. 033\nKimberlybury, IL 53698', '367.741.3912x'),
(868, 'William Zamora', 'B', '02', 43, '811 Brandon Land\nRogerstad, WY 77462', '001-792-509-4'),
(869, 'Maria Warren', 'A', '01', 41, '1180 Christina Lakes Apt. 312\nWrightville, WY 25185', '7033836232'),
(870, 'Joseph Anderson', 'E', '01', 43, '609 Hill Drive\nCodyville, IN 62517', '001-908-470-7'),
(871, 'Daniel Walker', 'E', '02', 46, '70656 Rebecca Island Apt. 360\nEast Robertchester, OH 94245', '781-371-3129x'),
(872, 'Samuel Martin', 'B', '05', 50, '032 Michael Springs Apt. 481\nLawsonland, TN 89841', '300.869.1949x'),
(873, 'Harold Reeves', 'C', '02', 42, '35018 Timothy Villages\nHamiltonfort, SD 21669', '+1-995-591-92'),
(874, 'Dennis Gilbert', 'D', '05', 45, '1212 Simon Oval\nJamesmouth, SC 08529', '(676)822-2819'),
(875, 'Erica Sims', 'D', '05', 45, '600 Ralph Camp Apt. 194\nRomeroshire, MT 14470', '938-480-8148x'),
(876, 'Joshua Paul', 'B', '05', 50, '53438 Randy Rapid Suite 762\nSouth Alicia, WI 93666', '9476862428'),
(877, 'Nancy Carter', 'C', '04', 46, '789 Perez Islands\nNorth Katrina, MS 68554', '9936992186'),
(878, 'Diamond Davis', 'A', '02', 40, 'Unit 3586 Box 8519\nDPO AE 20579', '323-944-4859x'),
(879, 'Anthony Burgess', 'D', '03', 48, '2553 Costa Forges\nPhillipsmouth, NC 03472', '001-765-659-4'),
(880, 'Peter Gomez', 'C', '05', 46, '43183 Stephen Fork\nBrownstad, OR 80003', '5775082403'),
(881, 'Dennis Flynn', 'D', '03', 44, '88264 Carr Brooks\nKatherineview, KS 79423', '001-837-416-7'),
(882, 'Robert Flynn', 'E', '02', 41, '76092 Robinson Neck\nNorth Kathleenshire, AS 99506', '+1-750-473-30'),
(883, 'Joy Obrien', 'D', '01', 49, '430 Brandi Mission\nMicheletown, IA 89457', '394.421.6473x'),
(884, 'Kimberly Duke', 'D', '04', 46, '4854 Christopher Squares\nNew Michael, FM 51089', '202-215-4278'),
(885, 'Alexis Russell', 'E', '03', 43, '364 Walton Avenue\nEast Kimberly, IA 88712', '644-534-2243x'),
(886, 'Jacob Nelson', 'C', '01', 47, '2383 John Summit\nNew Aliciastad, VI 37998', '(941)536-5262'),
(887, 'Lisa Williams', 'C', '01', 50, '9547 Perez Locks\nNguyenport, AS 02521', '+1-304-792-57'),
(888, 'Rebecca Lang', 'C', '02', 43, '318 Miller Brooks Apt. 035\nSouth Charlesfort, DE 53276', '208.262.2159'),
(889, 'Chelsea Thompson PhD', 'D', '01', 40, '28849 Danny Ports\nLake Tyler, IA 61893', '868-431-1393'),
(890, 'Mario Palmer', 'D', '04', 50, '23499 Jared Springs\nJacobsonport, GA 66303', '325-494-2690x'),
(891, 'Noah Bailey', 'C', '03', 42, '355 Baxter Trail\nDanielberg, TN 77112', '762.515.2593'),
(892, 'Taylor Turner', 'D', '05', 50, '950 Michael Harbors Apt. 500\nLake Cory, IA 83117', '+1-723-712-34'),
(893, 'Brandi Wallace', 'B', '02', 47, 'PSC 2437, Box 9895\nAPO AE 73789', '282.877.8909x'),
(894, 'Valerie Davis', 'A', '01', 42, '16386 Moore Meadows\nSouth Donald, NV 02444', '+1-631-325-76'),
(895, 'Oscar Jones', 'A', '05', 46, 'PSC 7728, Box 0103\nAPO AP 92698', '858-651-5895'),
(896, 'Jared Blackburn', 'E', '03', 46, '186 Davis Walk Suite 405\nLake Katherineville, ID 61081', '+1-384-253-83'),
(897, 'Matthew Todd', 'A', '05', 48, '254 Jackson Islands Apt. 561\nEast Saramouth, OH 61998', '272-894-3444'),
(898, 'Miguel Carpenter', 'B', '04', 40, '37890 Parsons Harbors\nSandersview, ND 13018', '(556)399-4331'),
(899, 'Joseph Diaz', 'E', '01', 44, '08312 Tiffany Ferry Suite 831\nJasonshire, ND 84749', '278-733-5152x'),
(900, 'Jonathan Young', 'C', '03', 41, 'PSC 8789, Box 0330\nAPO AA 37516', '(961)437-8097'),
(901, 'Anthony Riley', 'D', '03', 48, '143 Amy Mountain\nEast Aliciachester, MO 19540', '686.809.5492x'),
(902, 'Jenna Hernandez', 'B', '03', 44, '3377 Boyle Walks\nEdwinshire, AR 61910', '001-706-224-1'),
(903, 'Austin Stewart', 'E', '04', 46, '244 Joshua Court Suite 763\nSouth Leonardstad, KY 70907', '517-534-6375x'),
(904, 'Victoria Perez', 'B', '02', 46, '6293 Pugh Flat\nChenmouth, WV 09927', '227.879.2416x'),
(905, 'Tina Campbell', 'B', '02', 48, '5014 Thomas Overpass\nLake James, IA 07829', '846-644-9365x'),
(906, 'Christopher Miller', 'D', '05', 41, '698 Jessica Plaza\nLake Melissashire, MH 63615', '+1-369-730-59'),
(907, 'Daniel Warren', 'D', '01', 40, '409 Sherry Route\nMalloryside, MS 72906', '001-341-650-7'),
(908, 'Richard Baker', 'D', '05', 45, '301 Nicholas Prairie\nEmilyburgh, IL 85114', '001-899-734-8'),
(909, 'Sean Davis', 'D', '02', 43, '937 Arroyo Points\nScottfort, ID 62563', '6575960871'),
(910, 'Tina Meyer', 'E', '01', 46, '9302 Anderson Mountains\nRodgerston, MN 35517', '4405686072'),
(911, 'Veronica Fields', 'C', '04', 48, '6474 Brenda Skyway\nHowellton, VI 98108', '711.547.0702x'),
(912, 'Scott Powers', 'B', '01', 49, '07865 Stevens Knoll Suite 404\nPort Dustin, TX 58321', '880-979-9234x'),
(913, 'Tammy Wilson', 'D', '02', 47, '52709 Reed Ports\nLarsenhaven, NC 89840', '818.339.8161x'),
(914, 'Robert Robbins', 'A', '05', 50, '97252 Sarah Trail Suite 620\nLopezfurt, TX 94694', '344.759.9454'),
(915, 'Mr. Daniel Nunez', 'C', '03', 40, '50070 Khan Summit\nWoodsmouth, NV 29451', '+1-504-253-99'),
(916, 'Aaron Navarro', 'A', '03', 50, '140 Jose Valley Apt. 458\nMillerhaven, HI 37297', '7136855888'),
(917, 'Elizabeth Ingram', 'D', '03', 40, '93843 Taylor Course Apt. 870\nJamesbury, NH 98005', '270.688.5182x'),
(918, 'Katie Hopkins', 'D', '01', 46, '28229 Melissa Key Suite 348\nMatthewmouth, KS 37044', '298.799.3957'),
(919, 'Jeffrey Cole', 'A', '03', 43, '5065 Jay Divide Suite 406\nLauraborough, TN 73300', '(864)747-3816'),
(920, 'Andrew Wright', 'A', '01', 48, '52183 Eric Gardens\nJaredtown, NJ 46256', '(354)267-6253'),
(921, 'Isabel Jenkins', 'E', '04', 50, '505 Bradley Views Apt. 722\nSouth Jacobville, KY 64507', '612-471-7339x'),
(922, 'Krista George', 'E', '01', 50, '07916 Anthony Parkway\nTimothyfort, IN 98076', '354-781-1717x'),
(923, 'Christopher Kirk', 'A', '03', 40, '49496 Ferguson Plain\nJamesland, HI 72927', '001-726-740-6'),
(924, 'Tammie Mccarthy', 'E', '01', 40, '3290 Burns Squares Suite 541\nKarenfort, FM 85383', '(791)626-2019'),
(925, 'Thomas Collins', 'A', '01', 42, '804 Brown Street\nHillbury, AK 42890', '830.637.1503x'),
(926, 'Gabriel Ford', 'A', '05', 43, '01867 Ashlee Summit\nSanchezton, AS 51157', '001-910-940-3'),
(927, 'Hannah Mora', 'A', '01', 40, '2832 Haley Plains\nLake Kellyberg, OK 12155', '001-211-951-8'),
(928, 'Jacqueline Smith', 'B', '02', 45, '19879 Young Knolls\nWest Stacey, AL 97790', '001-518-542-6'),
(929, 'Thomas Collier', 'A', '04', 47, '95627 George Lodge\nNew Brian, MO 90509', '(791)842-5650'),
(930, 'Steven Brown', 'E', '03', 47, '2413 Barajas Springs Apt. 238\nCodyville, PA 71983', '+1-969-800-45'),
(931, 'Vanessa Little MD', 'A', '03', 42, '1758 Anderson Estate Suite 000\nPort Melissa, AL 92422', '603-562-4263'),
(932, 'Mary Odom', 'C', '04', 43, '0674 Rachel River\nJacobshire, TX 97019', '593.730.9684'),
(933, 'James Rodriguez', 'A', '04', 50, '42382 Juan Haven\nMeyerbury, WI 84064', '535-286-0192'),
(934, 'Elizabeth Poole', 'B', '04', 42, '116 Bass Spurs\nLewiston, VT 26331', '001-646-653-0'),
(935, 'Martin Brown', 'A', '04', 46, '41501 Griffin Flat Suite 925\nBrownland, DC 29400', '952-467-4528'),
(936, 'Erik Harper', 'A', '02', 40, '369 Herrera Common\nNorth Sheryl, FL 90668', '+1-604-421-52'),
(937, 'Leah Edwards', 'B', '04', 47, '187 Baker Heights Apt. 432\nSouth Elizabethhaven, TX 91584', '8427856224'),
(938, 'Kevin Richardson', 'C', '04', 41, '62410 Nathan Lake\nNorth Jonathanville, PW 25221', '780.732.1392'),
(939, 'Janice Lyons', 'C', '04', 48, '19743 Brandon Cliffs\nStefaniemouth, MT 37196', '601.627.1016'),
(940, 'Bryan Hunt', 'C', '04', 50, '246 Ramsey Cove\nPort Wendy, FL 53088', '+1-921-530-35'),
(941, 'Jessica Fields', 'A', '01', 40, '4981 Krause Island Apt. 660\nAntoniomouth, KS 82481', '240.929.2675'),
(942, 'Nicole Brooks', 'C', '03', 43, '91516 Kimberly Viaduct Suite 916\nKellerland, ME 94582', '+1-777-657-42'),
(943, 'Matthew Griffin', 'C', '05', 49, '710 Seth Vista Suite 071\nNorth Martha, VT 58284', '001-631-983-8'),
(944, 'Jamie Pollard', 'A', '03', 41, '37348 Huynh Curve\nEast Julie, IN 37344', '+1-770-855-85'),
(945, 'John Duarte', 'A', '02', 40, '507 Marks Roads\nGayview, VA 32344', '+1-573-259-61'),
(946, 'Sheri Johnson', 'A', '01', 44, '48043 Michelle Groves Apt. 304\nPort Traviston, ME 98071', '+1-927-553-32'),
(947, 'Katie Hoover', 'C', '05', 42, '3343 Everett Fields Suite 454\nSouth Emilymouth, MO 00599', '(255)590-9485'),
(948, 'Clarence Hall', 'D', '04', 45, '40310 Williams Locks\nOlsonfort, MH 56711', '(586)664-0785'),
(949, 'Joseph Cameron DDS', 'C', '02', 44, '7713 Owen Forks\nNorth Jadehaven, MP 14113', '4094259092'),
(950, 'Teresa Williams', 'D', '04', 40, '271 Figueroa Springs\nLake Mary, WA 22755', '001-592-715-8'),
(951, 'Ryan Moreno', 'C', '01', 47, '704 Ryan Mall\nBrandontown, WA 67824', '(357)968-5834'),
(952, 'Jorge Richards', 'D', '04', 49, '375 Amy Forks Apt. 865\nAmberchester, VA 29407', '001-628-859-0'),
(953, 'Sarah Higgins', 'C', '03', 49, '6757 Mcdowell Orchard\nHenrymouth, AZ 46798', '717-227-8190'),
(954, 'Steven Banks', 'A', '01', 44, '634 Nicole Ports\nMichelleberg, FL 01875', '340-509-9876x'),
(955, 'Kathy Vargas', 'E', '03', 42, '0856 Ian Village Apt. 506\nSouth Stanley, LA 44099', '+1-576-864-77'),
(956, 'Margaret Wilson', 'C', '01', 46, '806 Richard Wells Apt. 021\nMoonside, GA 59808', '485-511-0662x'),
(957, 'Donna Anderson', 'D', '02', 46, '121 David Field Apt. 472\nWiseville, PA 67827', '7165257752'),
(958, 'Aaron Johnson', 'E', '04', 48, 'PSC 7908, Box 4019\nAPO AE 85524', '869.414.6538x'),
(959, 'Gabriel Clay', 'B', '05', 49, '511 Daniel Islands Suite 860\nLake Andrewtown, VA 54318', '509-224-2323'),
(960, 'Sally Ortiz', 'D', '02', 47, '328 Michelle Circle\nSouth Samuel, OR 44463', '985.954.6765'),
(961, 'Adam Wade', 'A', '04', 50, 'PSC 3639, Box 6043\nAPO AE 73715', '001-922-638-8'),
(962, 'Dominique Hernandez', 'C', '01', 47, '2237 Cynthia Pass Suite 043\nWeaverview, IN 63393', '547-748-0756'),
(963, 'Darryl Shaw', 'C', '02', 46, '2277 Ruiz Cape\nNorth Ericview, OK 49503', '342.243.5029'),
(964, 'Travis Peterson', 'D', '02', 45, '08244 Tara Square\nPort John, OK 30154', '807.274.9885x'),
(965, 'Heather Freeman', 'A', '01', 44, '535 Justin Dale\nDianaville, ME 99208', '7566504827'),
(966, 'Jack Watson', 'A', '01', 42, '7571 Gonzalez Road\nPort Brian, OR 18105', '592-621-4275'),
(967, 'Rhonda Scott', 'C', '04', 49, '96056 Julie Ways Apt. 784\nLake Erin, KS 88762', '001-826-796-6'),
(968, 'Jill Burns', 'A', '04', 42, '85389 Paul Loop\nEast Robert, AL 70425', '(819)896-1232'),
(969, 'Dr. Cynthia Schmidt', 'E', '04', 50, '38323 Anthony Springs Suite 820\nJeffreyville, KY 08833', '+1-671-596-21'),
(970, 'Sean Arnold', 'D', '04', 49, '557 Jessica Mews Suite 785\nSouth Guy, MS 15756', '622.442.2485x'),
(971, 'Amy Blackwell', 'D', '04', 40, 'PSC 2238, Box 3990\nAPO AP 35808', '001-333-853-8'),
(972, 'Susan Little', 'B', '04', 47, '912 Richardson Villages Apt. 904\nWest Charleschester, DE 37470', '618-529-5941x');
INSERT INTO `periksa` (`id`, `namapasien`, `kodedokter`, `koderuang`, `usia`, `alamat`, `nohp`) VALUES
(973, 'Suzanne Savage', 'E', '01', 49, '57783 Garcia Ferry Suite 698\nNorth Donaldmouth, MA 68842', '(250)950-5590'),
(974, 'Ryan White', 'C', '02', 42, '17067 Paul Center Apt. 947\nChasetown, AK 22956', '(403)869-1306'),
(975, 'Amanda Bush', 'D', '04', 46, 'Unit 1687 Box 1429\nDPO AE 14304', '001-826-221-4'),
(976, 'Alicia Jones', 'B', '03', 41, 'PSC 3936, Box 6492\nAPO AE 50305', '682.930.5983'),
(977, 'Carla Jones', 'C', '04', 50, '46506 Williams Union\nSouth Todd, OH 57968', '380.646.7459x'),
(978, 'Christopher Mccarthy', 'D', '02', 40, '72158 Davis Parkway Suite 180\nTiffanyville, MT 29078', '+1-912-482-90'),
(979, 'Michael Lee', 'E', '05', 49, '3339 Allison Path Apt. 522\nAllenfurt, AL 57373', '+1-408-242-76'),
(980, 'Dominic Richardson', 'A', '02', 50, '37349 Valdez Turnpike Suite 103\nEast Debra, WV 73293', '850.666.9890x'),
(981, 'Stacey Robertson', 'E', '04', 43, '137 David Rest Apt. 118\nLake Erika, CA 34274', '001-500-638-2'),
(982, 'Matthew Hodges', 'B', '01', 40, '40826 Miller Park\nBarnettview, NH 56444', '786-206-9614x'),
(983, 'Melissa Thomas', 'D', '05', 41, '2451 Anthony Common\nNew Megan, IA 76119', '+1-907-743-70'),
(984, 'Holly Jacobson', 'E', '04', 44, '420 Diaz Burgs Apt. 003\nBautistaberg, MT 39836', '931-986-3419x'),
(985, 'Lydia Moore', 'D', '03', 44, '7421 Davis Skyway Apt. 559\nWest Derrick, KY 83878', '(968)635-8363'),
(986, 'Jeffrey Reid', 'C', '04', 41, '8434 Amanda Mission Suite 247\nSouth Danielborough, TN 75919', '910-810-8941x'),
(987, 'Mr. Stephen Harvey Jr.', 'D', '05', 46, '2473 Rodriguez Rapids\nPort Kennethfurt, ID 82091', '(895)603-7716'),
(988, 'George Pittman', 'B', '05', 48, '5471 Sean Lock Apt. 788\nOdonnellborough, PA 25247', '331-246-2891x'),
(989, 'David Clark', 'E', '01', 48, '517 Edwards Squares\nLake Michaelshire, WI 57232', '785-463-1227x'),
(990, 'Jason Fuller', 'D', '03', 45, '024 Shawn Underpass Apt. 443\nParkerchester, MH 37443', '556-967-6078x'),
(991, 'Amanda Costa', 'B', '04', 44, '1963 Johnston Fall Apt. 655\nNorth Benjaminton, MP 36744', '001-399-774-5'),
(992, 'Jesse Perez', 'B', '05', 43, '800 Long Shoals Apt. 623\nRussellbury, PA 96793', '985.645.2693x'),
(993, 'Richard Jones', 'C', '02', 49, '712 Hoover Street Apt. 819\nSouth Morganville, IL 71898', '501.593.4185'),
(994, 'Thomas Montoya', 'D', '02', 40, '89454 Christopher Parks\nNew Lisastad, CA 15714', '865.597.9072'),
(995, 'Kevin Kelly', 'D', '03', 50, '3461 Scott Canyon\nEast Joshua, AL 15748', '405-914-0860x'),
(996, 'Lisa Gibbs', 'C', '02', 43, '23220 Anthony Land\nWest Luisport, TX 16633', '(960)893-9193'),
(997, 'Robert Burnett', 'B', '05', 42, '56586 Johnson Keys Suite 149\nEricport, NY 48353', '677.402.7304x'),
(998, 'Jennifer Nelson', 'C', '04', 44, '6293 Herbert Neck\nRichardport, AL 89032', '+1-303-700-73'),
(999, 'Mr. Andrew Hutchinson', 'C', '04', 48, '918 Winters Walks\nNew Andrewshire, MI 97787', '864.989.8092'),
(1000, 'Lauren Guerrero', 'E', '05', 40, '0044 Taylor Haven\nLake Janice, TX 36875', '+1-903-853-40');

-- --------------------------------------------------------

--
-- Table structure for table `ruang`
--

CREATE TABLE `ruang` (
  `koderuang` char(2) NOT NULL,
  `namaruang` varchar(20) NOT NULL
) ENGINE=InnoDB DEFAULT CHARSET=utf8mb4;

--
-- Dumping data for table `ruang`
--

INSERT INTO `ruang` (`koderuang`, `namaruang`) VALUES
('01', 'Mawar'),
('02', 'Flamboyan'),
('03', 'Anggrek'),
('04', 'Melati'),
('05', 'Dahlia');

--
-- Indexes for dumped tables
--

--
-- Indexes for table `dokter`
--
ALTER TABLE `dokter`
  ADD PRIMARY KEY (`kodedokter`);

--
-- Indexes for table `periksa`
--
ALTER TABLE `periksa`
  ADD PRIMARY KEY (`id`);

--
-- Indexes for table `ruang`
--
ALTER TABLE `ruang`
  ADD PRIMARY KEY (`koderuang`);

--
-- AUTO_INCREMENT for dumped tables
--

--
-- AUTO_INCREMENT for table `periksa`
--
ALTER TABLE `periksa`
  MODIFY `id` int(11) NOT NULL AUTO_INCREMENT, AUTO_INCREMENT=1001;
COMMIT;

/*!40101 SET CHARACTER_SET_CLIENT=@OLD_CHARACTER_SET_CLIENT */;
/*!40101 SET CHARACTER_SET_RESULTS=@OLD_CHARACTER_SET_RESULTS */;
/*!40101 SET COLLATION_CONNECTION=@OLD_COLLATION_CONNECTION */;
